0,1,2,3,4,5,6
470 561 3109,fciciari0@biglobe.ne.jp,7 Corscot Road,Zandov,CZ,2009-07-05,
850 110 3903,bguerrazzi1@discuz.net,59 Browning Crossing,Noebesa,ID,2006-12-17,2007-03-07
581 152 3355,wtennewell2@ebay.com,7 Monica Plaza,Goteborg,SE,2019-11-03,2021-07-24
800 665 1765,nkellitt3@arizona.edu,86 Bartelt Trail,Federal,AR,2019-10-27,
650 303 8066,ecapstake4@ovh.net,249 Butternut Crossing,Orange,US,2011-07-29,2006-06-26
633 723 9137,atilte5@blinklist.com,3 Morningstar Point,Kalampaka,GR,2005-11-09,2006-05-06
981 424 8614,sdanes6@dedecms.com,1 Carey Park,Askersund,SE,2012-12-16,2011-07-19
111 164 9080,atapner7@livejournal.com,3 Sage Alley,Yong-dong,KR,2020-06-01,
498 318 9547,ayantsurev8@angelfire.com,9497 Golf Hill,Tlumacov,CZ,2010-11-21,
836 655 8685,arampton9@yellowpages.com,05 Larry Place,Okcheon,KR,2012-01-09,2020-10-16
869 396 8161,dfurneya@bizjournals.com,1209 8th Street,Santaluz,BR,2023-04-25,2022-08-06
233 883 5551,uanthoinb@google.fr,02026 New Castle Lane,Matlang,PH,2016-03-19,2020-10-16
479 545 7598,pgrimmc@pinterest.com,12856 Old Shore Way,Neos Oropos,GR,2021-04-19,
833 853 5160,hhuckabed@sakura.ne.jp,34273 Eliot Drive,Bubanza,BI,2010-03-19,2020-09-22
647 892 8145,abatterhame@smugmug.com,470 Norway Maple Hill,Thanh Pho Uong Bi,VN,2011-06-24,2009-02-15
248 228 1743,csalzbergf@tiny.cc,16 Marquette Avenue,Sheksna,RU,2011-06-18,
600 141 8834,abillisong@telegraph.co.uk,52118 Rusk Lane,Antopal,BY,2008-11-09,2012-12-30
557 375 9195,ajenynsh@google.fr,31 Fair Oaks Circle,Tigarunggu,ID,2017-05-22,2010-01-14
191 920 0704,acuthilli@gizmodo.com,9 Stang Park,Malausma Kidul,ID,2023-10-29,
198 400 2758,crenshallj@ifeng.com,4732 Garrison Park,Houjie,CN,2012-11-12,2010-05-12
909 648 2398,jclougherk@webeden.co.uk,7225 Glendale Road,Zhoutian,CN,2022-03-27,2018-07-07
664 791 4586,gbulchl@upenn.edu,873 Marcy Avenue,Osa,RU,2015-04-19,
689 303 0319,mschermickm@quantcast.com,9 Carioca Point,Guofu,CN,2023-10-26,2021-09-23
220 948 1012,khyndleyn@nasa.gov,1699 Anthes Hill,Strazhitsa,BG,2013-09-23,
946 473 6974,etomkowiczo@canalblog.com,111 Sachtjen Alley,Sarimukti Kaler,ID,2015-05-15,
485 935 1341,crizzellop@wiley.com,2293 Monica Parkway,Bueng Sam Phan,TH,2014-10-12,2023-07-07
225 757 2262,bteeceq@booking.com,5631 Butternut Avenue,Caseros,AR,2017-03-08,
572 226 9355,vdayesr@technorati.com,6 Barnett Junction,La Paz,UY,2020-10-17,
225 428 8068,cvedyashkins@youtube.com,50065 Lien Court,La Charite-sur-Loire,FR,2019-08-26,2013-09-29
269 392 9092,wnoddingst@netlog.com,4194 Eagan Plaza,Castanhal,BR,2017-10-04,2015-07-23
204 779 0473,dducarmeu@wix.com,9 Talisman Avenue,Los Pinos,MX,2017-11-04,
288 506 9435,jeilhartv@123-reg.co.uk,8880 Stone Corner Trail,Basirpur,PK,2015-07-08,2016-01-16
503 764 9710,cdorganw@noaa.gov,951 Troy Parkway,Povoa,PT,2019-12-08,
595 718 2842,lgaythorpex@dmoz.org,78584 Hauk Lane,Nelahozeves,CZ,2005-02-25,2019-10-04
878 884 8149,abrockesty@chron.com,4 Nelson Parkway,Krasnyy Yar,RU,2004-05-02,2009-06-10
159 277 1370,hcoltenz@ox.ac.uk,679 Ridgeview Street,Araxa,BR,2005-01-06,
764 775 5089,aaguirrezabal10@vimeo.com,85477 Paget Junction,Shali,RU,2007-12-20,
713 577 8913,kdyshart11@weibo.com,4 Welch Crossing,Gueret,FR,2015-12-09,
531 587 0446,sgurr12@mysql.com,54269 Butterfield Place,Macayug,PH,2011-06-25,
758 254 9211,aglasner13@reuters.com,333 Kensington Court,Naga,ID,2016-03-31,2023-08-18
218 538 9698,bbrabin14@histats.com,61139 Kingsford Circle,Vsevolozhsk,RU,2014-09-09,2013-02-08
552 525 6388,sforman15@disqus.com,37928 Karstens Street,Sanshandao,CN,2016-11-23,2019-10-27
299 674 6233,bbazire16@creativecommons.org,12679 Continental Street,Afak,IQ,2013-08-30,
912 505 8151,bdon17@skype.com,9987 Norway Maple Point,Karmaskaly,RU,2009-09-01,2019-02-17
385 152 2422,gmoggach18@nhs.uk,9570 Springview Avenue,Carvalheira,PT,2023-03-05,2005-11-08
349 191 5423,halonso19@ucoz.com,238 Fuller Street,Heilbronn,DE,2008-05-02,2004-05-07
111 609 0508,hendecott1a@icq.com,1 Darwin Drive,Paccha,PE,2014-04-04,2004-02-04
252 583 1302,bpetrolli1b@com.com,96589 Graedel Way,Ochla,PL,2013-04-22,2014-10-30
476 145 0305,bfellow1c@engadget.com,132 Bobwhite Center,Armacao,BR,2012-02-16,
456 142 0663,gbudnik1d@hao123.com,7 Meadow Valley Street,Laguna Salada,DO,2021-02-14,
425 915 5392,jdronsfield1e@examiner.com,5717 Schiller Terrace,Se,PT,2012-04-27,2015-07-25
303 401 1717,btimmons1f@youtube.com,997 Oakridge Place,Denver,US,2014-01-25,2015-06-16
217 117 7874,rvipan1g@amazon.co.uk,4403 Bunker Hill Point,Ottawa,CA,2015-10-14,2022-06-24
978 492 7087,efearnall1h@cloudflare.com,065 Bayside Place,Lulea,SE,2023-02-08,2009-04-10
254 557 9661,sreid1i@bloglines.com,39 Claremont Plaza,Cabanas,GT,2016-11-11,
413 802 5715,rolivet1j@eventbrite.com,3 Fairfield Junction,Daoxian,CN,2012-02-02,2017-06-26
856 550 7246,abrannigan1k@canalblog.com,5643 Crowley Alley,Moravka,CZ,2023-02-15,
951 478 4147,gandreazzi1l@sohu.com,81194 Grasskamp Trail,Kayakent,RU,2010-03-07,
281 354 1686,melsegood1m@typepad.com,85 Portage Way,Nyazepetrovsk,RU,2018-01-29,2006-10-15
848 185 7544,bgallamore1n@uol.com.br,88 Barby Terrace,Taixi,CN,2012-01-16,2013-02-02
321 557 0930,hrobardley1o@paypal.com,246 Lillian Lane,Qili,CN,2011-11-02,2023-01-07
842 124 4082,mgrimsdale1p@gravatar.com,82874 Mockingbird Center,Aguazul,CO,2014-09-14,
883 265 4422,rcostelloe1q@delicious.com,3318 Blaine Street,Changning,CN,2009-08-21,
962 496 8626,mgayden1r@plala.or.jp,72940 Debs Pass,Salama,HN,2010-02-11,2021-05-22
668 267 2690,wdury1s@answers.com,29289 Burning Wood Terrace,Banica,DO,2004-11-08,
880 467 1598,gtuson1t@tinypic.com,517 Kropf Plaza,Puck,PL,2007-04-28,2022-02-02
396 156 3432,ayarrington1u@phpbb.com,996 Schurz Plaza,Daxing,CN,2011-07-23,
566 727 0761,besh1v@geocities.com,09 Laurel Junction,Xuancheng,CN,2011-01-01,2023-09-29
461 106 9703,cwinborn1w@rediff.com,03 Cambridge Crossing,Kitaibaraki,JP,2010-04-13,2011-07-13
198 942 5663,jblazhevich1x@mediafire.com,3527 Rockefeller Parkway,Botoh,ID,2015-09-16,2023-08-12
846 607 4705,spuller1y@microsoft.com,6 Continental Terrace,Las Heras,AR,2019-04-05,
499 133 9196,wgiovannelli1z@t-online.de,41 Butternut Trail,Kiszkowo,PL,2007-11-11,2021-07-27
890 884 4824,mbenstead20@google.es,90 Algoma Drive,Saint-Denis,FR,2010-03-26,2005-04-15
496 109 6542,dheditch21@princeton.edu,09 Moland Street,Svedala,SE,2020-06-12,2022-09-13
214 545 8489,lbachnic22@timesonline.co.uk,13 Crowley Way,Swellendam,ZA,2009-01-28,2005-08-07
982 374 0063,ssnarie23@rediff.com,12864 Toban Junction,Sabang,PH,2024-01-11,
872 196 8432,lsonger24@craigslist.org,0 Memorial Plaza,Nahiyat as Sab Biyar,SY,2022-03-28,2014-01-12
271 325 0097,ibottlestone25@wsj.com,00 Bunker Hill Center,Forshaga,SE,2024-01-24,
193 674 2567,lsamsin26@patch.com,89 Marquette Way,La Esmeralda,VE,2021-01-25,2017-02-05
442 464 7922,jmcpartling27@rakuten.co.jp,240 Fisk Terrace,Luxi,CN,2017-01-06,2007-05-18
215 154 2304,ibicker28@cbc.ca,09843 Esker Point,Farasan,SA,2018-03-17,
610 208 6480,odelicate29@aboutads.info,0 Maple Park,Hongkeli,CN,2022-08-24,2022-01-20
384 352 6031,egippes2a@economist.com,5661 Quincy Plaza,Soledar,UA,2019-04-17,2012-03-26
536 630 0025,gyepiskov2b@barnesandnoble.com,1027 Debra Avenue,Ketanen,ID,2016-08-22,2010-01-10
433 391 2924,sreeves2c@last.fm,330 Schiller Point,Xinjiang,CN,2015-03-07,
251 248 4147,hserchwell2d@usda.gov,5583 Lotheville Drive,Metallostroy,RU,2007-08-17,2004-01-30
604 790 6959,lwalicki2e@elegantthemes.com,069 Independence Street,Daohe,CN,2020-12-08,2011-10-21
648 303 4271,jburges2f@simplemachines.org,377 Paget Park,Lautaro,CL,2017-01-30,2023-05-20
132 799 1038,fgirardetti2g@bigcartel.com,05687 Westridge Alley,Zbraslav,CZ,2006-01-27,
257 676 7909,spourvoieur2h@deviantart.com,81 Pine View Parkway,Bangeran,ID,2020-10-12,2014-01-16
629 574 2390,fknewstub2i@bloglovin.com,15 Valley Edge Place,Ryazanskiy,RU,2011-08-01,2014-10-03
735 677 8596,rosheilds2j@webs.com,0 Hallows Hill,San Fernando del Valle de Catamarca,AR,2018-03-01,2023-02-11
845 688 8277,lkoomar2k@vinaora.com,7641 Maryland Lane,Privas,FR,2015-03-27,2022-12-31
448 219 9252,pwalne2l@cdc.gov,147 Chinook Point,Shihuajian,CN,2013-08-13,
277 717 3596,pcudbird2m@hibu.com,95 Porter Hill,Mulawato,ID,2008-12-27,
767 692 1077,aocrevy2n@tmall.com,08545 Luster Center,Prao,VN,2016-08-25,2013-02-12
571 242 0852,tgallamore2o@cbsnews.com,56 West Hill,Arlington,US,2005-09-09,
178 211 9365,lbarras2p@wired.com,1193 Jackson Crossing,Urus-Martan,RU,2006-10-09,2022-02-01
579 206 4297,sworrell2q@whitehouse.gov,568 Eliot Trail,Repelon,CO,2016-06-17,
674 741 5296,mhazleton2r@wikia.com,790 Vernon Place,Sao Jose do Rio Pardo,BR,2016-12-17,
489 446 5030,ngommowe2s@harvard.edu,3 Canary Lane,Anjo,JP,2011-02-10,2013-09-30
731 328 2999,irestorick2t@irs.gov,58627 Washington Court,Timahankrajan,ID,2013-03-05,2010-04-20
660 327 4108,nmoppett2u@imdb.com,2440 Iowa Lane,Catujal Velho,PT,2022-10-24,
475 547 0168,tmulcahy2v@google.it,3675 Park Meadow Junction,Krasne,PL,2023-01-24,2020-12-25
790 766 3819,bcruft2w@globo.com,0 Farragut Point,Bogorejo,ID,2013-05-24,
273 233 2542,pmansfield2x@clickbank.net,9 Cottonwood Crossing,Goteborg,SE,2023-07-07,
525 500 9367,oshilstone2y@ca.gov,7 Scott Avenue,Spanga,SE,2023-03-28,2014-07-22
118 111 5816,acucuzza2z@so-net.ne.jp,9348 Sherman Court,Emiliano Zapata,MX,2008-09-09,
866 696 2399,fwalcot30@admin.ch,168 Spaight Plaza,Obollo-Afor,NG,2004-07-17,
890 203 5606,senric31@google.nl,1897 Northview Place,Marne-la-Vallee,FR,2010-08-06,2019-08-27
398 229 1385,rmcdonell32@posterous.com,59 Del Sol Terrace,Spanish Town,JM,2004-02-27,
373 421 5135,rbeadman33@wiley.com,414 Bartillon Court,Niedrzwica Duza,PL,2005-11-28,2008-07-25
264 190 9561,cpead34@histats.com,74 Barby Alley,Abakan,RU,2015-12-03,
823 372 0857,fparris35@bing.com,290 Susan Terrace,Troitskaya,RU,2008-05-27,2007-07-20
302 833 5566,ewylam36@webnode.com,97079 Stuart Point,Zhuhe,CN,2018-05-04,
316 142 3943,bluddy37@photobucket.com,7081 Mayer Crossing,Messina,IT,2023-07-04,2022-12-11
488 662 5596,bgilbride38@ocn.ne.jp,85165 Green Plaza,Manfalut,EG,2008-08-02,2018-08-03
245 668 2186,lcamell39@woothemes.com,40 Hermina Pass,Bethlehem,ZA,2004-07-22,2023-04-21
903 355 3950,gesel3a@irs.gov,80 Straubel Hill,Taihua,CN,2023-05-29,
650 479 8111,elashbrook3b@altervista.org,2 Pennsylvania Alley,Shuanghekou,CN,2019-12-17,
312 949 3741,jcrimp3c@ibm.com,37 Mayer Park,Kaskinen,FI,2011-12-12,2019-07-25
610 821 6092,mgurden3d@berkeley.edu,822 Goodland Lane,Jiguani,CU,2019-11-07,
132 363 9797,cvernay3e@intel.com,5 Anniversary Way,Steszew,PL,2016-02-23,2012-08-29
503 739 5807,rlillo3f@clickbank.net,522 Arizona Point,hajjah,PS,2013-12-03,2017-07-15
399 973 0852,aakers3g@phoca.cz,53421 Nelson Parkway,Middelburg,ZA,2018-10-29,2016-01-18
374 112 3338,egyurko3h@comsenz.com,66292 Talisman Plaza,San Pedro Necta,GT,2005-08-21,2015-10-12
402 938 6473,rsilk3i@narod.ru,85 Rigney Pass,Uglich,RU,2005-01-15,2023-03-03
888 450 3914,hgomm3j@ucoz.ru,5 Dorton Way,Zhuangbu,CN,2005-05-15,2011-12-14
840 497 3199,dsakins3k@alexa.com,615 Drewry Center,Semibratovo,RU,2022-06-24,
299 752 7282,uduquesnay3l@cornell.edu,4 Westerfield Terrace,Centre de Flacq,MU,2021-07-03,
957 354 6594,pghiron3m@g.co,8 Vermont Plaza,Guanyang,CN,2013-04-12,2013-05-11
264 252 2899,ldemchen3n@illinois.edu,1367 Messerschmidt Alley,Najin,KP,2016-05-31,2023-01-25
128 723 8080,slionel3o@feedburner.com,3 Washington Point,Helsingborg,SE,2005-09-08,2005-05-04
624 375 1751,ablowne3p@sohu.com,1 Mitchell Park,zarki-Letnisko,PL,2010-04-29,2004-03-10
973 595 8411,msyrad3q@google.fr,91313 Russell Center,Mariatana,PE,2014-06-13,2016-09-15
261 626 2798,aworg3r@samsung.com,6 Heffernan Junction,Gaoping,CN,2013-09-18,2009-10-28
214 901 6544,rmcskeagan3s@photobucket.com,97 Mifflin Junction,Mito-shi,JP,2012-10-07,2022-08-02
615 833 0872,etowns3t@theatlantic.com,84 Carpenter Drive,Xiaqiao,CN,2004-02-10,
223 696 7262,bmealand3u@over-blog.com,57996 Talisman Court,Daan,CN,2016-05-23,2009-08-15
193 755 8505,criquet3v@studiopress.com,01267 Lawn Court,Tongle,CN,2007-10-18,2005-07-29
768 284 8237,mbuffy3w@merriam-webster.com,67950 Bay Avenue,Valjevo,RS,2007-12-05,
261 613 8354,jjerman3x@mapquest.com,61 Dexter Pass,Bahawalpur,PK,2010-10-16,
753 322 0890,jmaharg3y@ibm.com,07 Clove Point,Vinh Tuong,VN,2023-03-13,2015-04-17
970 853 4550,cmargaritelli3z@home.pl,8 Vera Junction,Sergokala,RU,2007-01-07,
858 126 6335,mtribell40@google.co.jp,64 Maywood Place,Yakovlevo,RU,2017-12-27,
812 535 8101,dceaser41@posterous.com,4651 Kensington Avenue,Caojia,CN,2018-04-15,
604 801 7005,bfidgett42@ask.com,8 Armistice Circle,Kawangu Satu,ID,2020-04-11,
738 639 2860,ckinvan43@i2i.jp,8 Main Road,Korsze,PL,2016-04-23,2023-11-05
896 849 4302,kregorz44@wikipedia.org,307 Hudson Trail,Xiaoxiang,CN,2004-08-09,
441 939 9625,wgerman45@51.la,700 Arapahoe Plaza,Atawutung,ID,2017-11-11,
356 740 4179,sofer46@fastcompany.com,2208 Darwin Pass,Boksitogorsk,RU,2021-07-05,2011-02-18
362 614 9886,jdrew47@sina.com.cn,192 Cherokee Pass,Pingdi,CN,2016-10-21,
216 867 2798,ltoy48@wiley.com,6939 Golf View Hill,Inkerman,UA,2007-09-14,
708 611 8997,cmcteague49@toplist.cz,0 Gale Hill,Sheffield,GB,2017-06-06,2020-10-18
931 415 5466,ghenrion4a@answers.com,676 Namekagon Point,Saniwonorejo,ID,2013-11-15,
422 571 0001,asprake4b@cornell.edu,4 Eggendart Parkway,Yuxi,CN,2009-07-16,
141 409 8874,cbentje4c@intel.com,731 Dwight Place,Castellon De La Plana/Castello De La Pla,ES,2015-11-30,
430 637 4307,kkippie4d@studiopress.com,31 Bowman Lane,Sara Kunda,GM,2019-05-24,2008-03-15
976 364 2438,jsloyan4e@t-online.de,2365 Fordem Point,Dalakovo,RU,2013-07-21,2009-04-28
162 498 0593,tscuse4f@dyndns.org,77219 Katie Street,Pinyug,RU,2014-09-19,2005-03-02
535 898 1489,mmatthew4g@cloudflare.com,39968 Golf Street,Gisiliba,ID,2014-08-19,2014-08-16
128 401 9689,ucheetam4h@shareasale.com,36 Golf View Drive,Yongfeng,CN,2020-01-20,
861 757 2476,lquakley4i@biblegateway.com,9987 Vahlen Drive,Czarnocin,PL,2021-06-19,2023-12-01
789 172 6333,aphillins4j@skype.com,767 Morning Terrace,Khao Yoi,TH,2011-11-30,2013-12-04
245 895 3996,ddarrach4k@bigcartel.com,327 Butterfield Drive,Nierumai,CN,2009-09-02,2022-03-26
759 589 1719,astarzaker4l@howstuffworks.com,80 Jackson Terrace,Lebyazhye,RU,2010-04-11,2014-12-06
740 335 5422,sokennavain4m@bbb.org,125 Gale Street,Kepuh,ID,2015-02-21,2016-02-29
465 675 1261,ugooddy4n@engadget.com,52277 Jay Center,Santa Cruz do Rio Pardo,BR,2005-06-07,2018-07-23
254 696 3112,bhousen4o@google.com.br,276 Menomonie Alley,Hayan Hudong,CN,2019-11-18,
767 528 2993,agraveson4p@google.pl,3 Badeau Point,Baoshan,CN,2014-04-04,
867 238 4731,soshields4q@usatoday.com,17002 Buhler Drive,Samalut,EG,2019-04-01,
559 236 9803,ssaveall4r@cdbaby.com,10 Basil Alley,Plasy,CZ,2012-01-05,2022-11-28
193 823 4543,kcruikshank4s@weibo.com,57607 Vera Road,Honglu,CN,2010-11-14,2020-01-06
543 865 2518,rjeannet4t@myspace.com,383 Lillian Road,Infantas,PT,2020-10-05,2006-07-09
580 668 1593,alemerchant4u@squidoo.com,83618 Golf Course Crossing,Dzhayrakh,RU,2017-02-08,2006-02-04
761 255 9187,eausten4v@elpais.com,1743 Haas Junction,Yongan,CN,2011-06-07,2018-09-19
937 753 3879,dmoreton4w@slate.com,86436 Hayes Avenue,Tromso,NO,2006-09-20,2010-10-26
733 120 5635,ckitchingham4x@nature.com,0864 Pennsylvania Avenue,Lutomiersk,PL,2007-05-22,
514 771 3986,mfarrar4y@seattletimes.com,0 Mandrake Junction,Krasnaye,BY,2005-11-16,2012-01-25
529 304 3865,irosenfrucht4z@ustream.tv,8 Oak Crossing,Lome,TG,2019-06-12,2019-04-11
838 329 9809,areiach50@columbia.edu,98 Anzinger Place,Gaobu,CN,2016-02-21,2016-06-09
752 425 7789,tdelves51@ehow.com,11706 Loftsgordon Avenue,Nea Peramos,GR,2021-01-04,2014-03-01
916 681 3107,lfarney52@sitemeter.com,993 Springview Park,Sacramento,US,2011-08-24,2009-03-11
980 560 3617,imottini53@vinaora.com,266 Sugar Pass,Congas,PE,2007-12-18,2010-10-19
180 557 0668,mmccaskell54@studiopress.com,447 Sunbrook Center,Svetogorsk,RU,2015-07-19,
330 736 3207,gstannion55@globo.com,6 Ramsey Park,Motala,SE,2006-08-30,2014-07-08
304 597 3548,gdidball56@yellowbook.com,199 Westport Avenue,Charleston,US,2007-07-18,
676 522 1749,lloney57@behance.net,958 Thompson Point,Huichang,CN,2020-02-24,2021-08-25
256 155 1235,epumfrey58@state.tx.us,731 Mockingbird Parkway,Argavand,AM,2019-01-16,2011-03-26
296 197 8780,bvaladez59@freewebs.com,4 Fairfield Alley,Mayorga,PH,2020-02-19,2023-01-17
741 192 9530,gcradey5a@friendfeed.com,90 Schiller Court,Galatas,GR,2022-09-04,2010-07-28
402 698 4161,msergeant5b@gizmodo.com,0 Towne Drive,Nishabur,IR,2010-10-20,2007-05-10
978 377 0309,bchadbourne5c@angelfire.com,71 Dixon Alley,Lucaya,BS,2021-10-15,2014-04-02
667 130 8354,sgingel5d@1688.com,74 Gale Lane,Strasbourg,FR,2010-01-08,2009-08-21
166 420 0757,bgarey5e@amazon.co.jp,1 Vernon Terrace,Studenec,CZ,2011-03-21,
310 913 3968,barmitt5f@imgur.com,7993 Fulton Park,Xiashan,CN,2005-03-27,
600 585 0066,odegoey5g@state.tx.us,20 Esker Circle,Trondheim,NO,2016-01-15,2013-01-31
711 613 8685,haizlewood5h@wikimedia.org,15607 Gateway Junction,Parikkala,FI,2015-07-30,
551 963 9176,dvanschafflaer5i@webeden.co.uk,690 Donald Court,Zhoutie,CN,2007-06-24,2008-08-01
456 168 6036,wceeley5j@naver.com,945 Forest Center,Yuktae-dong,KP,2012-06-12,
882 814 9521,sbrightie5k@bluehost.com,5198 Shasta Alley,Slobodskoy,RU,2014-09-18,2004-08-09
146 851 0363,lpressey5l@ucsd.edu,6194 Lunder Hill,Thakhek,LA,2022-10-20,2011-11-03
790 283 4388,bbadgers5m@narod.ru,0 Delladonna Center,Sexiong,CN,2020-10-31,
206 961 1819,dwackly5n@bbb.org,685 Eliot Hill,Macaiba,BR,2011-06-19,2018-09-29
873 142 3335,tlumley5o@home.pl,6 Texas Alley,Betzdorf,LU,2009-08-26,2005-12-14
268 328 8430,cstquenin5p@symantec.com,82831 Lukken Drive,Yangjian,CN,2012-04-26,2018-02-09
179 622 3844,hrylatt5q@nbcnews.com,7279 Mccormick Circle,Tangjia,CN,2018-12-28,2009-11-02
264 752 3379,sheinlein5r@networksolutions.com,2 Jana Terrace,Hato Mayor del Rey,DO,2012-02-13,2011-05-08
287 210 0049,hcheal5s@engadget.com,24180 Oak Terrace,Seynod,FR,2022-02-21,2017-05-01
236 762 8135,gbonevant5t@harvard.edu,8060 Mesta Circle,Pa Kham,TH,2011-08-25,2024-01-22
282 264 6682,ogooding5u@archive.org,2638 Merry Junction,La Tola,CO,2022-12-05,2018-06-28
440 976 0070,nleakner5v@dion.ne.jp,1155 Hintze Circle,Tianning,CN,2008-06-30,2023-09-04
390 665 2705,gmee5w@ameblo.jp,35825 Superior Way,Mandor,ID,2005-12-04,2021-04-29
194 554 7679,bpetrelluzzi5x@forbes.com,8841 Vidon Drive,Morani,MK,2015-01-06,2021-10-07
825 537 9839,khiscoe5y@pbs.org,82 Westridge Place,Stribro,CZ,2006-06-18,2014-05-12
793 180 9004,rwinscum5z@ycombinator.com,94 Aberg Circle,Pontalina,BR,2015-07-26,
561 595 9095,fgrassot60@photobucket.com,984 Summerview Street,Xixia,CN,2010-09-11,2010-12-25
227 948 9008,lcaldecot61@ucoz.ru,19796 Spohn Junction,Seremban,MY,2010-11-30,2005-02-17
626 819 7499,gbeardsell62@oakley.com,56 Havey Terrace,Dulovo,BG,2009-02-22,2023-06-01
826 890 4560,jwillbraham63@businessinsider.com,9351 Derek Point,Tsaghkadzor,AM,2007-03-06,
158 314 4481,lleimster64@wufoo.com,3 Milwaukee Drive,Anse a Galets,HT,2009-03-19,2012-12-03
215 938 3099,tmanley65@amazon.com,74289 Granby Road,San Isidro,MX,2005-07-01,2018-07-22
268 475 1793,mwestmoreland66@fema.gov,56373 Buell Circle,Monte,PT,2005-06-24,
834 495 1109,tocurrine67@cmu.edu,468 Brown Pass,Siedliska,PL,2023-02-24,
278 119 9068,jbresman68@163.com,346 Homewood Avenue,Nueva Requena,PE,2020-11-02,2017-09-19
558 614 1208,pjeffrey69@bloomberg.com,4637 Forest Place,Fuxing,CN,2005-12-22,2021-08-07
185 754 3363,lmatschek6a@mapquest.com,1396 Kinsman Drive,Wailiang,ID,2013-04-03,2005-12-01
809 906 5124,daddams6b@tumblr.com,34682 Veith Court,Sokolka,PL,2016-06-13,
492 213 2254,rnancekivell6c@icq.com,63 Hermina Court,Yamaranguila,HN,2023-10-20,2018-04-25
840 898 4312,hchattelaine6d@latimes.com,709 Maryland Parkway,Su-ngai Kolok,TH,2008-06-15,
321 732 4982,dpurves6e@blog.com,748 Waywood Circle,Litian,CN,2007-03-11,
378 569 2887,crean6f@zimbio.com,02 Schiller Terrace,Hongxi,CN,2021-03-23,
861 310 3177,ccrossgrove6g@marketwatch.com,28 Schurz Drive,Pisangkemeng,ID,2019-08-06,2004-05-18
629 373 8854,sglanister6h@sina.com.cn,9 Charing Cross Way,Postira,HR,2013-07-23,2013-10-28
686 133 1558,wstummeyer6i@google.es,1 Buell Terrace,Wudil,NG,2022-07-25,
438 373 5839,fgallgher6j@twitpic.com,86318 Jay Road,Pesagen,ID,2012-07-31,2015-11-19
460 106 4747,lblethyn6k@wix.com,133 Heath Crossing,Wujian,CN,2018-09-19,2006-01-28
164 903 7527,ahulkes6l@jiathis.com,0 Cordelia Center,Xiaozhoushan,CN,2009-02-19,
929 299 0376,bmcgorley6m@sohu.com,872 Fordem Point,Shangtianba,CN,2023-10-24,2011-12-21
576 292 0759,jeldridge6n@blogs.com,47 Independence Street,Pathum Thani,TH,2004-09-05,2016-12-05
810 719 9361,ghearley6o@a8.net,38 Dennis Center,Pancevo,RS,2012-07-12,
730 388 1882,pewan6p@nydailynews.com,57 Nova Drive,Kampala,UG,2021-08-29,2019-12-16
310 713 2560,kqueenborough6q@howstuffworks.com,61194 Rigney Place,Dowsk,BY,2005-08-09,2011-07-08
917 934 3679,ppitcock6r@reuters.com,1 Loftsgordon Parkway,Svenljunga,SE,2020-12-02,
217 170 7128,cvesco6s@pinterest.com,37167 Lillian Terrace,Dobczyce,PL,2015-10-08,
227 415 3552,sbradburn6t@mit.edu,0105 Upham Park,Shushice,AL,2017-06-03,2019-09-29
595 837 7448,cblainey6u@mac.com,91023 Holmberg Circle,Milove,UA,2013-06-07,
276 391 3109,hambler6v@ibm.com,5 Moulton Plaza,Moravsky Beroun,CZ,2018-01-11,2011-10-16
405 660 5930,adelgardo6w@1688.com,35 Graedel Road,Mucuri,BR,2008-01-30,
978 853 6891,ksiggens6x@macromedia.com,5 Kings Drive,Brades,MS,2005-06-20,
922 885 7618,bvanbaaren6y@theguardian.com,95053 Banding Avenue,Choujiang,CN,2022-04-29,2017-01-15
896 452 5644,msiddell6z@xing.com,41899 Ryan Point,Kalmar,SE,2005-01-21,2019-08-01
774 750 3646,dsennett70@cloudflare.com,130 Florence Trail,Imeni Babushkina,RU,2020-02-17,2022-12-03
730 653 9044,wweatherdon71@yale.edu,654 Montana Way,Yoshii,JP,2017-06-05,
966 411 6233,ldoring72@sina.com.cn,25 Elka Parkway,Hancheng,CN,2014-01-25,2015-01-19
948 500 8472,kblackway73@symantec.com,68 Longview Hill,Gimbi,ET,2010-01-27,
698 921 5602,cdunnett74@google.pl,6390 Arrowood Park,Metsovo,GR,2023-03-18,2005-07-14
763 982 1020,kpotes75@kickstarter.com,2 Eastlawn Park,Quxi,CN,2006-11-03,
358 891 3624,msheldon76@nyu.edu,58 New Castle Pass,Tambillo,PE,2014-10-23,
484 192 1579,mlarrosa77@wikimedia.org,823 Cambridge Center,Bethlehem,US,2017-12-18,
995 762 5586,iiacivelli78@lulu.com,35675 Hallows Crossing,Krasnyy Yar,RU,2007-06-11,2008-01-02
211 481 6609,emcfaell79@reverbnation.com,60 Arapahoe Pass,Wendo,ET,2009-02-22,
502 132 3741,rabdee7a@mysql.com,7227 Kings Way,Welchman Hall,BB,2004-02-15,
652 917 5193,kgarrit7b@elpais.com,75 Fairfield Parkway,Blois,FR,2010-02-15,2015-02-16
538 236 2782,landrejevic7c@wiley.com,7 Bowman Way,Milan,CO,2005-07-10,
339 294 9179,sgabbatiss7d@squidoo.com,3655 Becker Street,Xiaodukou,CN,2004-07-29,
418 388 2345,tgertz7e@storify.com,37058 Eagle Crest Drive,Muritiba,BR,2014-04-17,
499 858 7591,dstanislaw7f@purevolume.com,5037 Bay Park,Cotahuasi,PE,2017-12-04,
934 577 6891,grobillard7g@pinterest.com,6974 Rutledge Trail,"Brgy. Nalook, kalibo",PH,2018-02-03,
820 721 2826,ltremathick7h@free.fr,281 Forest Hill,Tsagaannuur,MN,2007-10-31,2004-03-10
372 377 4748,cdrysdale7i@mlb.com,7 Prairieview Alley,Le Blanc-Mesnil,FR,2015-03-31,
733 924 9309,cbradnam7j@xrea.com,530 Marcy Pass,Tanjungbatu,ID,2010-03-10,2013-09-23
586 511 9278,dsowrah7k@nymag.com,3 Parkside Point,Beranci,MK,2012-02-14,
339 979 4915,dfetters7l@independent.co.uk,24550 Buena Vista Pass,Meaux,FR,2006-06-08,
221 132 8086,bdunaway7m@dyndns.org,26623 Oakridge Hill,Pangtangis Dajah,ID,2006-06-15,2010-03-20
809 727 3919,pbrimner7n@usnews.com,54230 Talmadge Lane,Bergen,NO,2015-05-12,2007-10-25
794 179 8656,klaba7o@biblegateway.com,7 Dennis Terrace,Tsimlyansk,RU,2004-11-16,2020-03-23
688 246 4816,kweine7p@theglobeandmail.com,9940 Dixon Circle,Shorko,PK,2009-08-01,2013-07-12
345 108 9286,ewhereat7q@ucla.edu,7240 Clyde Gallagher Pass,Canela,BR,2021-01-05,2006-08-31
260 720 8921,ssavege7r@shop-pro.jp,25397 Mayfield Trail,Saqqez,IR,2012-10-02,2014-02-17
436 858 5059,sphippin7s@google.co.uk,4 Cody Lane,Novospasskoye,RU,2018-09-04,
390 137 8097,nbeneyto7t@lulu.com,320 Derek Hill,Kendari,ID,2006-04-29,2017-07-28
193 977 4473,skeling7u@smh.com.au,3526 Weeping Birch Avenue,Saint-Herblain,FR,2022-08-10,2017-04-08
367 563 8681,mfarnan7v@ox.ac.uk,9808 Miller Court,Fovissste,MX,2010-06-12,
255 101 4001,ffermin7w@wikimedia.org,3 Schiller Plaza,Kaduseeng,ID,2009-07-17,
671 225 5687,lsimionato7x@lulu.com,34 Kings Parkway,Paine,CL,2012-12-06,2012-05-11
156 242 3262,pleftwich7y@wikia.com,19132 Meadow Valley Pass,Jintan,CN,2009-08-10,2017-07-22
765 120 6233,tscirman7z@eventbrite.com,9 Ramsey Center,Ntonggu,ID,2015-05-01,2004-12-24
204 243 1485,oyounge80@blogspot.com,5 Ohio Circle,Souq Larba al Gharb,MA,2017-08-31,
186 176 6717,jstenners81@slashdot.org,9 Onsgard Point,Polaniec,PL,2021-05-25,
225 955 9615,lsparway82@free.fr,252 Montana Place,Sumurber,ID,2011-09-11,2004-11-12
917 286 7783,ksnasdell83@cbslocal.com,6422 Pond Drive,Tojeira,PT,2022-04-14,2007-03-12
316 856 5920,eplewright84@tumblr.com,4729 Thompson Hill,Deder,ET,2009-03-02,2014-04-19
183 789 1849,rianne85@time.com,6 Onsgard Alley,Dolisie,CG,2015-11-21,
692 957 6871,wtimberlake86@patch.com,74369 Scott Junction,Chust Shahri,UZ,2007-02-13,2010-01-09
521 210 8263,glavington87@fastcompany.com,7866 Ridge Oak Park,Dianshui,CN,2009-02-01,2005-09-01
898 413 9474,imeriot88@photobucket.com,9 Calypso Drive,Andahuaylillas,PE,2011-03-24,
691 727 6657,acrittal89@sina.com.cn,4 Mallory Park,Qiaotou,CN,2022-01-31,2018-09-07
966 742 4281,tbittlestone8a@cdbaby.com,05 Boyd Circle,Giesteira,PT,2008-10-01,
723 874 0725,gpurvis8b@usnews.com,825 Oak Valley Circle,Leeuwarden,NL,2010-03-04,2023-12-23
556 671 5352,cvannoort8c@sina.com.cn,69994 Prairieview Pass,Xuelu,CN,2016-03-31,
189 746 7654,kmacpaden8d@telegraph.co.uk,403 Moland Center,Rio Segundo,AR,2010-08-12,
961 506 1641,rmaudsley8e@51.la,189 Thierer Lane,Kahnuj,IR,2010-02-02,2012-10-31
997 542 9800,sjuggings8f@un.org,71148 Garrison Avenue,Plavsk,RU,2019-02-26,
604 199 5304,cyitzhok8g@lycos.com,199 Gina Court,Naha-shi,JP,2007-02-18,
486 807 3666,swadlow8h@yolasite.com,91 Morning Pass,Bisee,LC,2005-02-27,2017-04-09
404 906 6005,oguare8i@independent.co.uk,6466 Amoth Crossing,Potchefstroom,ZA,2011-05-21,2007-05-17
561 826 1877,rnulty8j@jimdo.com,31 Thackeray Park,Nelas,PT,2014-02-10,
293 389 8344,jfelmingham8k@wufoo.com,37363 Algoma Center,Weishui,CN,2015-02-10,
859 276 2951,rlascelles8l@upenn.edu,7 Bellgrove Park,Wissembourg,FR,2015-11-08,2010-04-02
202 107 6456,rmatthieson8m@mit.edu,06 Bellgrove Terrace,Hexi,CN,2020-03-28,2014-11-14
600 339 3159,chorsell8n@adobe.com,12 Graedel Street,Presidente Venceslau,BR,2014-12-20,2019-08-31
709 892 8709,hsweedland8o@blogspot.com,4501 Loftsgordon Circle,Staraya Stanitsa,RU,2009-10-26,
576 482 1998,ldusey8p@time.com,26 Prairieview Plaza,Tambillo,PE,2019-03-03,2017-08-24
113 559 8200,tchappell8q@unicef.org,94774 Summerview Pass,Junqueiro,PT,2012-07-20,2016-07-10
682 189 6448,fvlies8r@comcast.net,8022 Dovetail Pass,Jingdezhen,CN,2004-10-17,2017-07-27
527 722 0242,wshufflebotham8s@yahoo.co.jp,89 Springview Parkway,Drochia,MD,2010-06-01,
152 671 8313,kfarrow8t@nature.com,255 Huxley Avenue,Shiroi,JP,2008-01-14,
126 354 9504,ilayne8u@ebay.co.uk,1997 Nova Avenue,Labinot-Mal,AL,2023-09-16,2006-10-08
922 701 3751,epengelley8v@theatlantic.com,83328 Hintze Road,Semypolky,UA,2016-08-19,2017-06-29
423 965 1330,bdondon8w@cloudflare.com,98 North Junction,Pacov,CZ,2021-10-27,
199 259 7344,ilenahan8x@walmart.com,3549 Oxford Drive,Novoulyanovsk,RU,2017-07-25,
347 111 6674,kstallen8y@shop-pro.jp,3 Shopko Plaza,Tyczyn,PL,2009-04-04,
940 649 6110,tbelf8z@umn.edu,89821 Red Cloud Point,Rabat,MA,2005-05-07,2014-02-18
870 619 0130,aortmann90@wunderground.com,42 Esch Lane,Duqu,CN,2013-08-01,
424 246 2850,clebatteur91@4shared.com,6668 Granby Way,Xinxian,CN,2014-05-10,2015-12-19
899 931 3392,cbirdwhistell92@reuters.com,6406 Loeprich Terrace,Bafilo,TG,2015-05-22,2019-05-11
199 845 1659,nyaneev93@weather.com,89981 Eastwood Hill,Sundbyberg,SE,2021-02-04,
630 203 3724,gabelevitz94@symantec.com,4250 Burrows Circle,Babakantugu,ID,2016-12-13,
667 946 9148,acasson95@seesaa.net,94 Drewry Way,Jozefow,PL,2011-02-16,2020-05-24
693 228 1754,bmaciver96@amazon.de,36752 Maple Wood Junction,Chu Ty,VN,2008-11-24,2014-10-23
922 638 1356,gubsdall97@histats.com,21 North Hill,Sampaloc,PH,2019-07-03,2009-04-11
241 691 4938,clindro98@washington.edu,269 Ridgeview Way,Saint-Nazaire,FR,2006-11-03,2013-01-19
517 787 5757,kskews99@upenn.edu,02923 Delladonna Court,Sumperk,CZ,2009-11-11,
828 598 7686,rrounsefull9a@springer.com,3681 Memorial Hill,Singgit,ID,2008-01-25,2006-04-16
666 685 5409,kmacgille9b@bloglines.com,81729 Colorado Circle,Fenggang,CN,2009-02-22,
306 685 9785,bsterrick9c@ifeng.com,91753 Hintze Plaza,Golug,CN,2008-09-22,2005-06-08
310 287 8876,epacitti9d@hubpages.com,016 Pond Place,Cibeureum,ID,2022-01-03,2017-10-08
735 139 1707,mbuckley9e@gmpg.org,46 Stuart Drive,Paris 02,FR,2021-01-07,
270 283 4069,ccyples9f@sciencedaily.com,34 Bluestem Place,Wintzenheim,FR,2006-01-11,2017-03-04
712 185 6389,roddy9g@feedburner.com,5875 Brentwood Avenue,Boavista,PT,2012-11-17,2019-01-17
761 669 9289,mpuckey9h@cafepress.com,241 Messerschmidt Terrace,Zhouhu,CN,2017-08-30,2004-12-11
963 223 7943,wstonebanks9i@senate.gov,1 Scoville Crossing,Razvanje,SI,2010-02-28,2010-12-16
411 365 1934,klobell9j@reference.com,27 Merchant Hill,Napuro,PH,2016-02-09,
927 311 4908,slavrick9k@elegantthemes.com,61 Schmedeman Junction,Jiazhuyuan,CN,2021-01-20,2019-01-29
890 880 2323,spyrke9l@nyu.edu,3880 Fair Oaks Plaza,Kuta,NG,2023-04-29,
201 941 6532,tsphinxe9m@about.me,8 Hallows Way,Niechanowo,PL,2017-01-27,
553 610 2927,hsagg9n@wired.com,9 Hoffman Lane,Alburitel,PT,2023-04-19,2020-12-19
725 440 7375,bseel9o@nhs.uk,306 Atwood Crossing,Larreynaga,NI,2017-01-16,2010-03-14
534 583 3690,aparmley9p@discuz.net,5 Mayer Parkway,Rio Piracicaba,BR,2005-12-15,
425 600 6611,ewasteney9q@whitehouse.gov,2981 Brickson Park Street,Chechenglu,CN,2008-08-08,2023-03-01
884 496 1620,ttyrrell9r@amazonaws.com,44103 Sullivan Court,Pavlovka,RU,2007-01-30,2011-11-25
290 338 1688,krands9s@soundcloud.com,5 Tony Park,Habiganj,BD,2010-11-29,
450 213 9783,agilli9t@zimbio.com,9 Corscot Road,Bailizhou,CN,2004-11-08,2023-12-21
178 428 8964,lgregoratti9u@microsoft.com,451 Clyde Gallagher Alley,Barreiro,PT,2012-01-28,2008-03-24
212 986 9841,anunnerley9v@time.com,7 Gale Place,Qinghe,CN,2010-03-12,
335 307 1737,sschiesterl9w@businessweek.com,721 Clemons Alley,Kowo,ID,2020-04-15,
148 152 2907,joseland9x@google.nl,85 Riverside Junction,Santa Cecilia,BR,2011-07-06,2005-12-28
839 792 7382,biltchev9y@fema.gov,239 Arapahoe Trail,San Miguel,PH,2004-10-22,2015-06-29
768 810 5814,rriehm9z@e-recht24.de,56 Raven Terrace,Catanduva,BR,2020-01-18,2011-04-11
430 705 3723,hwielda0@utexas.edu,02353 Twin Pines Trail,Caocun,CN,2006-02-24,
333 938 1170,wpickavanta1@netvibes.com,6 Colorado Drive,Tirhanimine,MA,2013-01-09,2022-10-04
102 189 5469,mdiclaudioa2@amazon.com,9450 Rusk Crossing,Asimion,GR,2013-06-11,2021-07-31
246 373 7858,creddiea3@harvard.edu,1780 Nevada Parkway,Callanca,PE,2015-05-05,
408 853 3180,lmaulina4@imageshack.us,2314 Schlimgen Terrace,Maymana,AF,2015-05-13,
646 462 8629,jpellingtona5@ed.gov,98883 Havey Road,Mora,SE,2007-09-17,2012-08-15
569 405 1238,jhawkeswooda6@topsy.com,7 Dovetail Street,Bail,PH,2020-02-15,
934 978 6669,jmecoa7@google.co.uk,5948 Stang Alley,Datong,CN,2018-10-09,2004-04-12
166 889 8422,iknobella8@alibaba.com,237 Dwight Road,Sevlievo,BG,2019-08-05,
341 901 9538,mcoakera9@businesswire.com,04 Saint Paul Park,Helsingborg,SE,2007-02-28,
416 128 2996,adotsonaa@cdc.gov,58000 Village Green Alley,Formosa,BR,2012-07-22,2008-01-20
265 537 4740,lsparkeab@mail.ru,9819 Oakridge Crossing,Boleszkowice,PL,2008-06-19,
177 974 2776,hdoreyac@harvard.edu,58394 Pearson Way,Suibara,JP,2011-03-16,2009-11-22
309 549 4196,naubrunad@umn.edu,5235 Memorial Terrace,Tangguhang,ID,2015-10-31,
911 464 0322,rummfreyae@gmpg.org,7395 Shelley Way,Caminaca,PE,2006-10-21,2013-09-12
988 379 8494,nswyreaf@imdb.com,14 Sycamore Drive,Frankfort,ZA,2004-08-26,2016-01-21
533 187 1054,rwildsmithag@rediff.com,612 Canary Street,cacak,RS,2004-01-12,2007-01-08
555 476 0737,flengthornah@chicagotribune.com,87465 Butterfield Street,Vinha,PT,2018-06-11,2006-11-05
789 841 0665,fmartyntsevai@php.net,288 Quincy Court,Vicente Guerrero,MX,2005-08-21,
802 249 0363,shargaj@qq.com,3 Upham Plaza,Pandasan,PH,2021-04-25,
906 232 4690,apesterak@psu.edu,8940 Hoffman Lane,Brodarica,HR,2021-10-06,2010-10-16
379 494 6963,vhumal@github.io,66 Victoria Street,Del Valle,MX,2023-03-22,2010-11-24
314 502 0455,vgreaderam@dyndns.org,078 Crowley Center,Rancabungur,ID,2023-08-12,
833 561 3697,asibunan@ustream.tv,33 Loftsgordon Center,Meiqi,CN,2010-02-17,2004-05-14
891 819 7954,imackisonao@biblegateway.com,29681 Charing Cross Way,Carrefour,HT,2006-05-26,2005-05-31
597 920 2366,dsaywellap@blogs.com,937 Hanson Court,Eiguliai,LT,2008-11-16,2006-05-16
509 548 7627,adaldanaq@cmu.edu,9215 Mariners Cove Parkway,Neos Voutzas,GR,2021-12-26,
405 773 9656,uspencerar@examiner.com,336 Chive Hill,Yungaisi,CN,2021-09-06,2007-01-15
243 552 0417,mfewellas@ucla.edu,0983 Almo Terrace,Na Khu,TH,2009-10-01,2007-05-15
182 259 1110,sherriesat@feedburner.com,170 Victoria Place,Diez de Octubre,CU,2012-05-07,2023-11-23
693 962 9419,askeletonau@chicagotribune.com,260 Anniversary Avenue,Mekkaw,NG,2015-07-15,
734 226 6189,grickerbyav@baidu.com,67 Waywood Way,Araruama,BR,2007-03-19,2017-03-19
714 984 1625,rlathleiffaw@clickbank.net,98 Blue Bill Park Center,Salaverry,PE,2007-06-16,
619 761 2068,hcapstakeax@moonfruit.com,0868 Fairview Point,Ad Dujayl,IQ,2021-01-11,2021-11-10
424 643 5964,ccallowayay@newsvine.com,1 Charing Cross Plaza,Jiangwan,CN,2023-04-12,2009-03-25
696 559 7695,costleraz@hhs.gov,901 Bellgrove Center,Yamagata-shi,JP,2022-09-17,2010-04-30
366 484 0504,ddegoeyb0@tuttocitta.it,214 Manitowish Point,Kuala Terengganu,MY,2023-11-20,
104 932 4184,mliccardib1@feedburner.com,6 7th Street,Banjar Sembunggede,ID,2015-06-24,2015-03-05
191 104 8509,kkeamb2@yandex.ru,005 Monument Road,Isangel,VU,2010-11-10,
129 967 1467,apulleyb3@domainmarket.com,6 Duke Circle,Sinargalih,ID,2023-09-17,
153 692 1328,bhaylerb4@chicagotribune.com,9121 Gerald Center,Jadowniki Mokre,PL,2009-11-01,2009-10-09
193 335 4664,sjanderab5@npr.org,2 Artisan Plaza,Jiamachi,CN,2006-06-28,2008-02-23
513 173 9388,gbendtsenb6@eventbrite.com,5 Ronald Regan Circle,Padej,RS,2018-11-10,2007-06-17
634 617 0778,mbowersb7@pbs.org,2840 Gateway Alley,San Isidro,PH,2009-01-29,2013-02-28
937 281 9288,mfeatherstoneb8@amazon.com,7 Lunder Center,Ky Anh,VN,2009-12-09,
924 389 2055,grupprechtb9@admin.ch,0 Rutledge Avenue,Zouila,TN,2016-01-28,
169 777 6623,csephtonba@elpais.com,280 Arapahoe Center,Puncakmanis,ID,2008-05-08,2012-10-27
570 209 9779,nferrasbb@1688.com,13144 Saint Paul Hill,Pernio,FI,2017-04-12,
992 275 4030,bklaasbc@google.nl,58475 Warbler Avenue,Zakroczym,PL,2013-04-06,2010-04-08
651 969 4019,jpigrambd@springer.com,76745 Brickson Park Plaza,Zaprudnya,RU,2019-11-19,
992 700 6932,bishakibe@sina.com.cn,62468 Walton Point,Pasarbaru,ID,2022-08-19,
681 144 8296,abrunningbf@youtu.be,49 Merry Terrace,Mislak,ID,2007-08-11,
408 209 7982,bcamlinbg@psu.edu,96004 Lakewood Parkway,Morcellemont Saint Andre,MU,2008-11-13,2005-09-10
766 344 6045,pbarnhartbh@clickbank.net,360 Eagan Plaza,Oliveira,BR,2016-05-20,2012-07-27
309 445 8284,agregolibi@histats.com,6484 4th Court,Yongfeng,CN,2005-10-01,2008-05-04
145 549 9174,tdominettibj@zdnet.com,46537 Saint Paul Lane,Kampungdesa,ID,2014-11-02,2014-04-18
720 552 7177,sgyurkobk@squidoo.com,26 Blackbird Hill,Yuanqiao,CN,2011-12-25,
885 769 8898,lnelseybl@altervista.org,6434 5th Parkway,Fuying,CN,2010-04-19,2009-09-20
699 714 5795,chintzerbm@friendfeed.com,11 Killdeer Point,Jurm,AF,2018-01-31,2010-12-22
630 957 1409,wlovittbn@shop-pro.jp,54953 Brentwood Way,Lasek,PL,2012-05-08,
361 442 5113,adoubravabo@toplist.cz,83 Riverside Street,Biny Selo,AZ,2012-11-16,2015-12-30
879 475 9889,pnovisbp@t-online.de,8641 Hagan Place,Kaliganj,BD,2009-10-31,
924 618 3367,bwellingtonbq@constantcontact.com,9006 Golden Leaf Parkway,Cipari,ID,2012-05-02,2018-05-22
666 310 6749,oraubr@mashable.com,4480 Fallview Street,Jurmala,LV,2015-02-04,2011-07-05
713 754 1469,rbeinkebs@csmonitor.com,65694 Claremont Alley,Sala,SE,2013-01-28,2007-04-18
458 211 6981,mearngybt@webs.com,4920 Cascade Alley,Moyuan,CN,2008-07-17,2014-01-14
205 621 7263,mtraicebu@goodreads.com,382 Hanson Drive,Choushui,CN,2011-05-01,
549 847 6378,ishadebv@chron.com,7522 Ilene Junction,Dongling,CN,2022-12-26,2008-04-11
918 928 1843,ckennbw@accuweather.com,23 Northport Center,Cancas,PE,2009-02-07,
332 963 4822,klemmanbiebx@marriott.com,993 Northwestern Avenue,Gjoa Haven,CA,2009-03-10,2011-11-09
638 401 6458,lritelliby@house.gov,8 Eggendart Avenue,Stari Grad,RS,2017-05-20,2013-08-24
417 295 0274,tsignoribz@ucoz.com,2 Northport Drive,Petrijevci,HR,2019-05-19,
443 418 2790,ddaneluttic0@flickr.com,49 Badeau Road,Donggang,CN,2022-07-07,2008-10-12
845 780 8270,cdavenellc1@si.edu,540 Becker Point,Pizhma,RU,2008-09-16,2018-08-06
211 942 9080,gcorringhamc2@clickbank.net,00753 Sunnyside Street,Skoroszyce,PL,2007-10-15,
324 854 0076,cgladdisc3@jalbum.net,2210 Laurel Pass,Stenovice,CZ,2004-06-16,2017-12-06
109 190 6644,mbrennenc4@1und1.de,03 Valley Edge Avenue,Tangier,MA,2008-10-26,2019-01-23
296 746 8223,gboardc5@ed.gov,1822 Monument Center,Pingshui,CN,2006-08-04,
907 679 5891,jherriesc6@people.com.cn,83432 Alpine Parkway,Xifengshan,CN,2016-01-09,
247 598 8834,gselewayc7@deviantart.com,57 Knutson Road,Zhob,PK,2005-10-16,2014-06-10
498 329 8311,sbennec8@biblegateway.com,113 Southridge Trail,Zhangjiahe,CN,2022-08-22,2018-11-16
739 930 6751,kmcclenaghanc9@amazon.com,54322 Ruskin Street,Idtig,PH,2016-06-08,
204 474 9018,ckeasleyca@house.gov,3 Mayfield Street,Punkaharju,FI,2005-06-25,2016-07-09
538 549 1576,nphizakarleycb@prlog.org,55 Kropf Crossing,Miaoqian,CN,2015-03-30,
281 630 2809,agoldenofirelandcc@cpanel.net,74 Carpenter Point,Houston,US,2015-12-31,
361 903 4605,cianetticd@nasa.gov,53208 Carpenter Drive,Sharan,RU,2016-06-16,
143 410 0518,aagglioce@hao123.com,29 Florence Way,Cibolek Kidul,ID,2004-12-12,2023-09-11
883 275 4455,agrimmecf@utexas.edu,1 Pond Road,Shar,KZ,2016-05-11,2009-03-08
121 276 9981,awinpennycg@zimbio.com,186 Ludington Court,Biyang,CN,2017-07-07,2023-11-08
797 367 2015,mpriestnallch@tumblr.com,806 Logan Trail,Yingdeer,CN,2023-10-29,
534 194 8720,ctudgeci@ucla.edu,5395 Monument Lane,Taodian,CN,2014-01-31,2023-02-14
374 297 4310,emiddiscj@opera.com,8241 Lighthouse Bay Parkway,Zhongguanyi,CN,2023-05-12,2020-09-29
971 693 4784,lbonifaziock@scribd.com,84 Grayhawk Road,Portland,US,2008-01-13,2020-06-11
293 899 8373,kcapelencl@twitpic.com,098 Stoughton Hill,Jawornik,PL,2016-01-04,2016-01-10
895 938 6137,dyashnovcm@irs.gov,367 Garrison Point,Yylanly,TM,2010-12-07,2009-12-18
511 383 6805,kkeppelcn@istockphoto.com,43 Stephen Center,Artemisa,CU,2022-08-11,2020-01-22
929 833 5304,ymcdirmidco@typepad.com,43744 Straubel Place,Saryg-Sep,RU,2022-08-26,2008-06-02
805 399 5060,jsharpincp@time.com,57 Armistice Center,Bebekan,ID,2021-03-24,2007-01-23
230 109 2687,khaugheycq@engadget.com,1897 Blackbird Crossing,Dongchong,CN,2004-08-25,2023-09-03
673 450 6289,tbradnickcr@pinterest.com,5 Lyons Pass,Magdaleno Aguilar,MX,2014-04-19,2011-10-17
842 513 0576,mbrunnencs@globo.com,26 Helena Center,Hegarmanah,ID,2023-02-06,
406 596 9635,cdelacroixct@istockphoto.com,214 Arrowood Lane,Al Ahmadi,KW,2020-09-07,2008-03-13
275 599 3917,bsilversoncu@cloudflare.com,6133 Ronald Regan Hill,Pregradnaya,RU,2011-02-09,2010-10-26
806 749 7813,dgurlingcv@booking.com,5 Maywood Parkway,Yanghou,CN,2012-10-11,2009-07-07
597 927 9190,abonhamcw@w3.org,688 Sloan Parkway,Citatah Kaler,ID,2008-12-20,
218 273 2991,mboydlecx@usda.gov,939 Johnson Hill,Stare Mesto,CZ,2008-10-22,2020-11-11
657 705 4355,gwaleworkcy@fastcompany.com,30847 Larry Place,Kraskino,RU,2019-03-21,
258 189 7834,ffairpocz@yelp.com,755 Graedel Way,Fulin,CN,2011-10-03,
237 647 4366,rbillboroughd0@booking.com,70 Bartillon Plaza,Tiepu,CN,2018-04-28,2011-08-06
289 598 5747,acruxtond1@networkadvertising.org,50432 Sauthoff Junction,Mboursou Lere,TD,2005-08-31,2023-12-26
532 562 8195,bskentelburyd2@amazonaws.com,00 Gateway Avenue,Ribeira Quente,PT,2019-01-26,
204 724 9989,tterbruggend3@altervista.org,5 Jenna Drive,Vnanje Gorice,SI,2005-07-31,2015-04-15
523 510 1163,dmossond4@jigsy.com,4 Northport Plaza,Sebadelhe,PT,2005-06-29,
107 795 8682,rfehnerd5@shop-pro.jp,02 Thackeray Terrace,Taihe,CN,2007-10-09,2010-08-25
685 888 7606,ladamkiewiczd6@webeden.co.uk,62975 Brickson Park Street,Sawaengha,TH,2004-01-12,2015-11-12
206 348 8965,mfontelld7@tinyurl.com,7 Burrows Trail,Ricardo Flores Magon,MX,2023-09-29,
923 478 5137,ostollenwerckd8@bloomberg.com,64 Meadow Vale Park,Smolenka,RU,2005-07-17,
330 709 6943,amershd9@ebay.com,2 Rutledge Junction,Buique,BR,2017-02-11,
819 813 1643,isturgessda@spiegel.de,503 Farwell Road,Shaydon,TJ,2023-09-14,2020-08-05
981 130 3616,bfolkarddb@icq.com,7161 Granby Crossing,Tanahmerah,ID,2024-01-02,2019-01-17
299 600 1143,dgallardodc@networksolutions.com,592 Express Circle,Malusac,PH,2023-09-28,2017-07-10
854 923 1219,igwynnedd@businessweek.com,51877 Esch Junction,Gradizhsk,UA,2007-07-08,2009-11-10
260 149 8057,cduckinfieldde@xing.com,57 Holmberg Trail,Idku,EG,2021-08-01,
190 588 3138,lfewkesdf@youtube.com,4 West Junction,Uyovu,TZ,2006-10-12,
426 396 0835,celiondg@independent.co.uk,6 Blaine Circle,Kota Kinabalu,MY,2009-09-16,2021-11-10
926 781 7277,cpreedh@reddit.com,44911 Veith Hill,Changcun,CN,2022-10-04,2016-04-22
943 149 4022,smetterickdi@wordpress.org,674 Farragut Drive,Lawepakam,ID,2015-06-02,2011-05-24
210 614 6866,ngoulbourndj@walmart.com,0286 Pawling Crossing,Zalec,SI,2021-07-28,2016-04-06
488 114 9809,slauderdk@tinyurl.com,0 Spohn Center,Kiikala,FI,2021-11-24,2012-04-12
689 545 5259,ivankovdl@is.gd,7 Larry Avenue,Haixing,CN,2023-08-26,2009-05-17
432 218 0651,ibentjensdm@smh.com.au,9247 Spaight Junction,San Salvador,PE,2011-06-13,
841 567 7673,mivashechkindn@tuttocitta.it,296 Lillian Court,Taocun,CN,2005-10-30,
434 999 1420,cpinchondo@reference.com,9 Fuller Court,Castelo,PT,2005-03-17,
707 542 6080,asleichtdp@t-online.de,60093 Randy Crossing,Bayanhoshuu,MN,2014-09-02,2011-01-12
594 565 7496,dcuschieridq@reverbnation.com,760 Gale Trail,Bria,CF,2005-07-28,2013-04-20
647 279 4595,cduberrydr@globo.com,42 Main Lane,Dimitrovgrad,RS,2009-06-04,2004-04-21
950 283 8412,hkemmerds@linkedin.com,279 Eagle Crest Park,Sukhothai,TH,2022-09-30,
456 334 5405,ccohanedt@weibo.com,99532 Farmco Parkway,Ust-Ilimsk,RU,2004-12-22,2011-04-17
519 132 7744,jakhurstdu@ca.gov,63958 Buell Drive,Zlotoryja,PL,2022-03-07,
595 498 2320,bhunstonedv@wufoo.com,710 John Wall Lane,Khan Yunis,PS,2018-07-14,2018-12-30
901 532 7063,ggillhespydw@shinystat.com,90 Westport Street,Ritaebang,ID,2005-12-23,2017-12-08
392 184 7654,ccainesdx@fotki.com,9 Milwaukee Avenue,Yuxi,CN,2007-02-10,2006-06-28
106 859 8500,rdorydy@state.tx.us,5575 Wayridge Street,Soweto,ZA,2017-03-02,2023-12-08
745 674 2821,dloghandz@indiatimes.com,0193 Erie Road,Manabo,PH,2006-05-10,2015-03-03
110 604 7808,gserchwelle0@woothemes.com,61171 Washington Plaza,Riangblolong,ID,2013-05-05,
836 600 0080,bfrankemae1@zdnet.com,11158 Mayer Court,Baturaja,ID,2023-06-12,
612 185 6386,asparkese2@amazon.co.uk,77933 Delaware Road,Kiuola,ID,2018-01-09,
645 951 8041,rroizine3@cbsnews.com,98 Chinook Circle,Golmud,CN,2008-05-03,
613 684 6680,mtroctore4@hibu.com,75 Acker Plaza,Zhangjiagang,CN,2007-12-28,2010-01-18
281 796 0180,joxshotte5@yahoo.com,71971 Union Place,Al Mashaf,YE,2004-02-28,
148 326 5502,uchrichtone6@globo.com,7 Moose Crossing,Port-Cartier,CA,2015-06-29,2021-08-11
604 617 5316,aferencze7@umn.edu,2175 Brentwood Park,Yangkang,CN,2005-02-05,
710 442 4221,madshede8@plala.or.jp,04759 Lakeland Point,Masina,CD,2023-05-24,
244 212 7478,wpetrosiane9@disqus.com,4 Blaine Crossing,Makiyivka,UA,2023-07-24,
800 368 6113,glandrieuea@cargocollective.com,14033 Rieder Avenue,Ajlun,JO,2024-01-24,
538 721 7047,gsheerseb@delicious.com,41 Eliot Pass,Noisy-le-Grand,FR,2017-08-23,
285 529 8772,atallynec@marriott.com,49 Lindbergh Street,Corral de Bustos,AR,2005-10-14,2013-04-23
244 148 6709,bbaudryed@ow.ly,35 Arapahoe Lane,Monte Francisco,PT,2021-08-31,
761 872 2560,hmarzellanoee@springer.com,9 Buhler Way,Mogapinyana,BW,2020-12-28,2014-03-07
611 386 0374,jfieldingef@theguardian.com,6310 Acker Way,Buynichy,BY,2015-03-01,2022-09-17
492 489 9665,ironchieg@cdbaby.com,8 Shopko Pass,El Llano,HN,2023-01-04,2007-12-31
143 194 9742,vmoncreiffeh@blog.com,024 Sommers Alley,Maychew,ET,2012-10-04,2022-07-28
186 250 7205,rsaerei@mashable.com,081 Morningstar Center,Rio Cauto,CU,2016-06-01,2012-11-15
832 278 4430,akempsterej@va.gov,38 Steensland Parkway,San Jose,CR,2019-02-24,
818 593 3486,mwidocksek@fc2.com,76 Harper Circle,Cayambe,EC,2016-12-15,
222 933 7093,anettleel@typepad.com,5 Redwing Court,Liulimiao,CN,2013-03-22,2021-05-08
335 109 0139,ckimptonem@unesco.org,37699 Hansons Road,Kousa,EG,2015-03-13,
353 634 5527,cfelminghamen@twitter.com,39035 Melody Terrace,Huanghuatan,CN,2014-09-13,2019-05-05
261 781 6342,bledgistereo@ehow.com,0179 Eagle Crest Avenue,Conceicao das Alagoas,BR,2015-07-02,
217 440 2895,tvousdenep@seesaa.net,433 Maple Wood Avenue,Lanshan,CN,2004-11-15,2022-10-14
617 965 5492,eyorkeq@vimeo.com,43737 Russell Alley,Smilowo,PL,2006-05-09,2007-10-26
431 249 6318,hsackerer@salon.com,4127 Pearson Place,Correia Pinto,BR,2008-05-25,
362 144 9406,fdorninges@shop-pro.jp,0907 School Terrace,El Real,VE,2005-10-30,2005-08-02
247 329 5467,hgintyet@epa.gov,5 Becker Road,Gorki,PL,2012-07-30,
575 808 9576,mwynrehameeu@gizmodo.com,9 Arapahoe Parkway,Junaynat Raslan,SY,2012-01-04,2019-05-12
421 262 8026,pshavesev@admin.ch,55048 Thompson Drive,Dayong,CN,2013-10-06,2014-01-27
240 776 9685,rliddenew@com.com,5406 Ridgeway Terrace,Changkeng,CN,2011-08-11,
804 112 0826,hschniederex@reverbnation.com,44 Eastlawn Lane,Chenxiang,CN,2022-08-05,
362 203 1659,cgaggeney@huffingtonpost.com,68 Jana Place,Chachoengsao,TH,2007-07-22,
547 927 9595,btrevearez@newyorker.com,435 Surrey Hill,Sypniewo,PL,2019-03-28,2017-09-28
249 859 8601,mblackallf0@google.pl,5 Darwin Place,Eirado,PT,2008-01-07,
454 176 3794,lbaccupf1@imgur.com,425 Ilene Crossing,Yanshan,CN,2016-01-25,2011-11-28
983 993 2189,chuckinf2@wsj.com,45 Di Loreto Junction,Fermela,PT,2016-03-31,2012-03-14
577 369 2565,sswaytef3@nifty.com,2 Rutledge Court,Victoria,MT,2019-09-27,
333 946 7360,rmcbethf4@spiegel.de,4 Bartelt Point,Dimitsana,GR,2022-04-17,2023-02-20
658 869 2615,dpavkovicf5@princeton.edu,4214 Moulton Lane,Vista Hermosa,MX,2005-03-08,2020-03-12
381 589 3527,bwyef6@nps.gov,1995 Scoville Terrace,Czemierniki,PL,2010-01-06,2005-10-08
663 730 7256,kstubbsf7@springer.com,99 Onsgard Place,Aglalana,PH,2013-05-08,
699 705 7404,clorainef8@cisco.com,102 Westport Trail,Yuqian,CN,2011-02-17,
140 273 7706,kpeasef9@globo.com,3 Hanson Lane,Bac Kan,VN,2004-06-13,
933 497 6903,rsurplissfa@opera.com,7 Westport Street,Rrasa e Siperme,AL,2015-06-17,
755 445 6882,cpifffb@whitehouse.gov,780 Clyde Gallagher Hill,Tanxi,CN,2013-10-14,2010-04-07
852 793 7703,eflatherfc@e-recht24.de,84478 Bultman Terrace,Thi Tran Than Uyen,VN,2007-12-09,
225 558 1138,ekorbfd@bigcartel.com,46133 West Crossing,Agdangan,PH,2018-01-17,
209 867 6212,ethickinsfe@pen.io,7 Mallory Parkway,Ketampak,ID,2018-12-26,2007-06-24
545 644 5348,katrillff@purevolume.com,0 Gina Road,Artur Nogueira,BR,2014-01-01,
787 383 4627,lbenboughfg@mapquest.com,322 Killdeer Circle,Salamina,CO,2005-10-14,
810 764 4945,jpirreyfh@psu.edu,558 Bluejay Parkway,Ampanihy,MG,2019-01-27,2015-08-03
205 654 2295,mbrigginshawfi@wsj.com,809 Northfield Crossing,Marseille,FR,2009-08-28,
593 720 7551,rborthefj@omniture.com,42294 Service Pass,Kawanishi,JP,2014-04-17,
742 969 7657,bpottingerfk@nationalgeographic.com,75427 Kropf Hill,San Luis,GT,2016-11-13,
863 242 2651,areimersfl@drupal.org,41 Pawling Alley,Winter Haven,US,2014-03-22,
767 560 7852,mwearnefm@digg.com,9 Hollow Ridge Road,Pacaembu,BR,2020-06-23,
548 534 7644,rdigbyfn@dailymail.co.uk,564 International Court,Magersari,ID,2020-07-05,2012-05-04
449 433 7147,bruosfo@springer.com,2763 Jay Hill,Novokuzminki,RU,2017-06-05,2010-07-01
627 364 9015,traesidefp@xrea.com,41104 Fordem Circle,Proastion,GR,2006-04-29,2006-10-28
231 157 8698,vannottfq@about.com,008 Gulseth Avenue,Florentino Ameghino,AR,2014-08-20,2016-04-18
745 764 5274,rfrightfr@discuz.net,771 Coolidge Junction,Guanshan,CN,2009-10-21,
627 180 5622,dblachfordfs@bloomberg.com,854 Erie Street,Vaxjo,SE,2018-08-13,2015-02-12
507 362 4942,tbroxupft@surveymonkey.com,3 Blaine Circle,General Levalle,AR,2005-02-11,2014-07-26
886 563 2635,mcapaldofu@desdev.cn,630 Fisk Parkway,Koba,ID,2005-06-05,
560 985 0932,vmaticfv@flickr.com,59 Nobel Road,Huaping,CN,2009-05-17,2012-12-31
323 151 9448,mgorstfw@nps.gov,5 Harbort Hill,Limatambo,PE,2012-12-02,2016-12-10
885 951 5244,eartinfx@meetup.com,76912 Memorial Center,Aix-en-Provence,FR,2016-03-24,
368 938 3580,kyurkovfy@parallels.com,95 Bartelt Place,Kihnio,FI,2023-03-26,2009-03-05
549 997 0402,mcicccittifz@wordpress.org,3 Artisan Point,Remas,AL,2019-09-07,2005-08-18
424 850 4912,mwickinsg0@kickstarter.com,0300 Trailsway Circle,Ansermanuevo,CO,2010-11-17,2021-08-02
705 707 0939,nthormanng1@rambler.ru,29898 Maywood Court,Portela,PT,2015-11-25,2019-03-24
896 971 3575,lbontineg2@pen.io,004 Porter Street,San Clemente,CL,2022-11-10,
967 584 4020,tstarmontg3@zdnet.com,855 Annamark Center,Mursaba,ID,2013-10-17,2013-02-28
551 925 5182,dcrutcherg4@devhub.com,5 Coleman Terrace,Oro Timur,ID,2007-11-06,2008-09-20
175 804 1053,iebbittg5@yelp.com,9241 Kropf Alley,Banjar Sengguan,ID,2016-10-07,2020-07-25
274 685 5920,edomerqueg6@symantec.com,8 Prairie Rose Street,Soutocico,PT,2011-02-19,2021-11-22
170 623 7368,jjosuweitg7@ted.com,6 4th Street,Hadakewa,ID,2016-08-12,2006-11-10
901 830 7384,ahealg8@sbwire.com,50690 Eagle Crest Terrace,Soutocico,PT,2024-01-02,
611 939 0155,tklaiserg9@so-net.ne.jp,7138 Blackbird Circle,Sencur,SI,2016-10-07,2013-04-04
337 457 5574,gkershawga@sciencedirect.com,840 Warrior Hill,Khawr Fakkan,AE,2008-04-08,
147 530 6669,aborrowgb@cbc.ca,54662 Elgar Pass,Pingshan,CN,2014-08-27,2019-10-06
919 178 7730,azoellnergc@topsy.com,993 Messerschmidt Plaza,Banjar Baleagung,ID,2014-12-08,
656 160 1949,aleighfieldgd@fda.gov,2560 School Avenue,Ngondokandawu,ID,2005-12-16,
328 255 3966,sphelipge@deviantart.com,4370 Brown Junction,Cabo Frio,BR,2017-09-03,
360 281 2919,elendongf@cdc.gov,09 Riverside Lane,Montecillo,PH,2010-11-25,2022-04-18
586 851 8108,ichmielgg@ca.gov,85127 Kenwood Parkway,Strzelce,PL,2017-08-29,2010-01-05
545 824 4289,adoucegh@discovery.com,0 Mitchell Court,Krajan Dermawuharjo,ID,2016-10-09,2005-03-06
265 196 1738,fgoleygi@mysql.com,39073 Wayridge Crossing,Akora,PK,2009-03-01,2022-06-25
972 566 9595,llushgj@youtu.be,9 6th Court,Uyskoye,RU,2012-02-20,2023-11-13
165 779 0502,mchadneygk@google.co.jp,230 Kipling Road,Plonsk,PL,2018-04-07,2021-06-21
495 498 5261,ktaffsgl@businessweek.com,3458 Darwin Lane,Bandar-e Asaluyeh,IR,2007-07-17,2013-11-10
554 190 3131,sroothamgm@gmpg.org,83391 Kedzie Park,Luhanske,UA,2018-07-20,2012-10-02
706 365 9399,abloomangn@dailymail.co.uk,7 Prairieview Circle,Wangren,CN,2012-09-27,
520 682 0429,kweerdenburggo@quantcast.com,8823 Lien Place,Tucson,US,2005-03-12,2008-12-07
243 783 5546,dbolesgp@ftc.gov,9 Judy Terrace,Ylane,FI,2017-12-28,2009-09-22
651 764 1688,mphilcockgq@github.io,21350 Messerschmidt Point,Atalhada,PT,2013-09-16,2014-10-22
745 772 5409,holivetogr@smugmug.com,22974 Merrick Plaza,Puyang,CN,2023-05-28,2018-02-26
433 679 3781,sdecentgs@princeton.edu,01 Caliangt Point,Szeged,HU,2022-06-02,2018-08-26
796 860 0893,gdanielsengt@npr.org,42218 Erie Way,Mucifal,PT,2009-07-15,2022-07-15
208 772 2428,eabramovicgu@webnode.com,33 Elka Parkway,Wahawaha,ID,2015-10-21,2012-04-25
286 985 7659,blaphorngv@state.gov,1189 Westerfield Crossing,Zhuyu,CN,2009-01-26,2023-12-04
963 564 3553,lmaccraegw@wired.com,873 Nobel Junction,Daiyue,CN,2017-03-28,
983 380 9277,gsprostongx@ucoz.com,5 Arizona Parkway,Cabouco,PT,2010-08-29,
230 209 2932,tpeadengy@globo.com,70198 Kinsman Terrace,Brailiv,UA,2014-09-27,2010-08-16
408 896 1173,obranneygz@1und1.de,2 Hovde Court,Maciejowice,PL,2024-01-14,
916 587 8751,rcopash0@xinhuanet.com,4439 Debra Street,Ibiuna,BR,2011-11-29,2011-04-02
526 903 7695,igauntletth1@samsung.com,1815 Sullivan Lane,Mpongwe,ZM,2022-09-17,2015-09-12
687 669 2975,iskiggsh2@earthlink.net,896 Shopko Crossing,Sao Lourenco,BR,2010-01-03,2022-01-25
268 947 4532,xormondeh3@comcast.net,54 Hintze Drive,Luhanske,UA,2006-07-13,2020-08-13
962 893 8134,cpayleyh4@engadget.com,017 Sachtjen Center,Saransk,RU,2020-11-22,
719 467 3596,cjacklingh5@disqus.com,0698 Declaration Center,Zengtian,CN,2020-02-20,
667 727 3924,ahacheh6@illinois.edu,2 Heffernan Center,Gaio,PT,2004-11-24,2009-06-04
733 288 0258,jlehmannh7@gmpg.org,1 7th Pass,San Pablo,CR,2017-03-15,2007-10-17
331 473 7675,cfedorskih8@cocolog-nifty.com,1 8th Point,Aurora,US,2006-04-28,2010-04-02
202 873 2723,gcoverleyh9@nih.gov,6 Sutherland Hill,Bunol,PH,2005-01-28,2008-09-19
916 611 8967,dbarckeha@statcounter.com,365 Forest Dale Place,Sacramento,US,2022-07-09,2006-12-12
556 976 4654,mberendsenhb@ycombinator.com,39 Caliangt Plaza,Wanlongshan,CN,2018-08-24,2016-04-08
452 821 1543,kfiddianhc@google.ru,32 Sullivan Place,Koga,JP,2019-07-25,2016-02-10
632 930 6590,grahlhd@ask.com,94 Village Junction,San Jose,MX,2016-03-08,
143 462 4633,garnefieldhe@miibeian.gov.cn,0750 Kingsford Hill,Menghe,CN,2021-04-20,2011-11-25
992 661 0727,nlapthornehf@flavors.me,069 6th Lane,Guaiba,BR,2011-08-01,2018-06-08
245 414 0266,cwiskerhg@dagondesign.com,513 Bluejay Hill,Petro-Slavyanka,RU,2012-04-04,2007-01-03
562 890 7545,ghavercrofthh@who.int,546 Derek Avenue,Uhersky Ostroh,CZ,2006-07-17,2010-05-28
255 569 2672,tdevauxhi@hostgator.com,7277 Warbler Street,Qingchuan,CN,2016-11-13,
724 447 4638,emcpaikehj@google.com.hk,11 Schmedeman Center,Pathum Rat,TH,2023-04-27,2021-08-02
329 875 0715,abardwallhk@soundcloud.com,7 Badeau Alley,Rasony,BY,2009-05-20,
638 188 9062,sgunstonehl@cocolog-nifty.com,1 Sunbrook Avenue,Lenger,KZ,2021-09-15,
620 438 0392,wcovelyhm@webmd.com,8 Colorado Circle,Piracanjuba,BR,2010-06-19,
624 446 4106,acarniehn@hexun.com,501 Duke Street,Yongan,CN,2019-08-10,2017-06-12
288 897 0907,kdwelleyho@alibaba.com,77 Anhalt Pass,BrniSte,CZ,2015-11-04,2017-09-19
528 835 5420,mspreckleyhp@surveymonkey.com,8 Hanover Place,Kwikila,PG,2017-08-21,2022-01-03
831 735 6247,sbonnairehq@opensource.org,1 Toban Junction,Hanbin,CN,2016-12-16,2023-06-12
252 432 2910,sfortescuehr@privacy.gov.au,99479 Sachs Road,Ibwayn,PS,2008-09-24,
740 941 1239,beasths@globo.com,190 Acker Plaza,Novotitarovskaya,RU,2023-06-26,2015-03-08
711 574 4068,mdaudht@omniture.com,7 Havey Street,Curuzu Cuatia,AR,2006-08-19,2010-08-05
711 991 3738,mgolstonhu@dropbox.com,2147 Sutherland Junction,Xinglong,CN,2017-03-09,
696 991 6313,cseathwrighthv@examiner.com,6861 Fordem Plaza,San Antonio,PE,2018-12-05,2015-12-27
607 508 0764,gjoirishw@i2i.jp,08 Swallow Way,Nanfeng,CN,2017-09-26,2012-08-13
375 198 4909,ssoutherdenhx@army.mil,74258 Leroy Junction,Pinahan,PH,2009-02-14,2008-06-16
883 137 6337,fliptrothy@marriott.com,6575 Scott Avenue,Dongjingcheng,CN,2015-03-26,
427 451 1170,jholseyhz@spotify.com,52635 Sycamore Crossing,Daoxian,CN,2014-09-04,
517 193 6101,cschlagi0@fc2.com,6748 Lillian Park,Abrahams Bay,BS,2005-01-02,2008-04-05
266 417 5406,vbugbyi1@google.com.hk,48 Nancy Street,Chengdong,CN,2007-01-31,
704 547 9974,oritchi2@ucla.edu,4 Village Green Junction,Zlatoust,RU,2010-03-19,2022-07-09
279 382 7793,yletteni3@tripod.com,35 Havey Pass,Pasarkayu,ID,2023-09-08,2011-04-24
173 556 7704,rdafyddi4@prlog.org,5 Autumn Leaf Plaza,Buon Ma Thuot,VN,2006-02-10,2011-11-03
288 644 3425,abasilli5@sphinn.com,85 Killdeer Pass,Changqiao,CN,2005-04-17,2004-05-09
337 912 6821,swalasi6@sfgate.com,34 Almo Terrace,Old City,PS,2005-07-12,2023-03-11
346 711 0296,bwherryi7@yolasite.com,730 Oxford Road,Caijiapu,CN,2021-10-18,2014-11-02
434 674 0957,schasteneyi8@facebook.com,2 Village Street,Ipoh,MY,2007-11-03,
962 533 7513,gmencoi9@wikimedia.org,02 Utah Drive,evry,FR,2005-09-03,2008-03-07
179 793 7690,tfyldesia@ovh.net,027 Towne Center,Maromme,FR,2012-07-08,2009-05-19
340 102 4654,wpapaminasib@geocities.com,8192 Shopko Road,Cacapava do Sul,BR,2013-04-29,2008-07-09
479 601 8964,lmarginsonic@barnesandnoble.com,471 Chinook Pass,Nizhniy Lomov,RU,2017-07-08,2022-12-29
133 544 8643,wdifranceshciid@fema.gov,047 Farwell Parkway,Duifang,CN,2022-04-19,
132 228 9942,dkewleyie@reference.com,821 Vera Court,Xibei,CN,2022-04-11,2016-11-05
257 151 3169,cmenegoif@psu.edu,037 Morningstar Place,Entebbe,UG,2014-08-29,
744 202 5180,vcheesworthig@samsung.com,3599 Miller Way,Demak,ID,2018-03-13,2020-04-09
185 547 8032,gclemontih@jiathis.com,8078 Kinsman Avenue,Tall hamis,SY,2012-03-24,2017-11-06
453 639 1111,apriscottii@gnu.org,1 Ronald Regan Hill,Koryukivka,UA,2015-10-12,2013-01-02
775 105 7348,mconnikieij@4shared.com,80136 Thompson Drive,Puan,KR,2006-12-30,
740 686 7160,dshelborneik@facebook.com,392 Hagan Lane,Nizhniy Bestyakh,RU,2007-05-22,2014-07-26
739 744 2501,anareil@cdbaby.com,50730 Dorton Junction,Aiginio,GR,2021-07-04,2010-07-14
515 979 5274,ccurwoodim@hc360.com,39 Merchant Park,Des Moines,US,2005-07-13,2010-01-15
375 326 4443,xcicettiin@arizona.edu,133 Shopko Terrace,Lab,CN,2011-02-04,2005-07-08
464 784 0470,swareingio@bloglovin.com,34 Raven Crossing,Buzen,JP,2006-10-19,2020-04-04
190 207 8588,gmclayip@google.fr,91990 Canary Hill,Yengiawat,CN,2004-11-28,
290 915 6665,tbalaisoniq@behance.net,263 Towne Place,Tadabliro,ID,2009-01-26,2016-01-22
919 168 1346,alonglandsir@pagesperso-orange.fr,0 Moulton Plaza,Kotri,PK,2018-07-10,
394 586 3899,cferrymanis@netscape.com,4513 Northview Way,Hexi,CN,2011-03-26,2011-08-28
951 651 7206,mwilseyit@cnbc.com,57198 Bluestem Drive,Nine,PT,2023-02-20,2014-08-06
390 907 9124,ccornilleauiu@devhub.com,6 Truax Center,Chateauroux,FR,2013-06-01,2007-10-29
517 703 7222,criccettiiv@histats.com,3 Hoffman Point,Usuki,JP,2017-09-21,2006-09-21
353 567 3405,epondjonesiw@engadget.com,862 Badeau Junction,Osiedle-Nowiny,PL,2020-05-31,2021-12-23
291 848 9054,tkoppelmannix@artisteer.com,54457 Magdeline Point,Lanlacuni Bajo,PE,2005-01-03,2018-08-18
705 347 3992,ecalltoneiy@irs.gov,11 Glendale Court,Rennes,FR,2009-06-09,2008-10-16
770 646 8803,vsomervilleiz@moonfruit.com,41881 Beilfuss Circle,Hanggan,PH,2008-08-04,
223 652 6480,acalej0@ask.com,50 Menomonie Drive,Shazikou,CN,2012-10-31,2014-07-26
802 317 8114,aboisej1@php.net,92434 Londonderry Hill,Providencia,CO,2022-10-27,
732 774 4355,tvalintinej2@businessweek.com,94407 Quincy Street,Taiping,MY,2007-06-07,2021-08-02
168 678 3405,hfautleyj3@geocities.jp,9283 Lerdahl Drive,Sasar,ID,2011-10-09,2018-08-16
247 762 1616,cdenziloej4@mozilla.com,61062 Bashford Park,Zagare,LT,2012-06-09,2007-11-13
970 832 7715,tpalatinij5@baidu.com,6 Nancy Plaza,Basey,PH,2008-09-05,
958 308 7117,snussgenj6@acquirethisname.com,7 Mockingbird Circle,Tumba,SE,2019-06-08,2013-07-29
675 249 0747,gpadellj7@shinystat.com,8111 High Crossing Drive,Huyuan,CN,2015-12-20,
204 857 3323,hklieslj8@blogs.com,7 Summit Road,Jinshan,CN,2017-03-21,2010-10-26
601 972 9646,hsteadmanj9@digg.com,5 Fuller Court,Jackson,US,2023-03-03,
125 822 2340,fbleasbyja@usatoday.com,974 Lake View Way,Sishui,CN,2011-07-19,2012-03-29
247 249 5322,bboyesjb@wunderground.com,179 Glacier Hill Terrace,Fengchan,CN,2020-02-11,2009-04-11
254 885 7489,cwolfendalejc@jalbum.net,18 Gale Parkway,Merklin,CZ,2013-08-08,
289 930 1651,rhollyarjd@chron.com,839 International Hill,Nyala,SD,2006-11-13,2006-12-01
453 350 5492,abenyanje@oaic.gov.au,4905 Schurz Plaza,Johogunung,ID,2017-05-12,
239 420 7525,mgaberjf@paginegialle.it,0339 Miller Trail,Campina Grande,BR,2023-06-08,2014-04-01
996 111 6782,awoodbridgejg@loc.gov,3 Grasskamp Junction,Shirahamacho-usazakiminami,JP,2004-12-08,
185 441 6071,ijosefjh@gizmodo.com,22 Stoughton Street,Fulu,CN,2008-01-16,2007-06-07
417 484 0488,bjewiseji@dedecms.com,70985 Stang Point,Brusyliv,UA,2008-02-04,2021-03-03
633 642 7648,snowaczykjj@fastcompany.com,89 Heffernan Road,Kertapura,ID,2011-05-03,
188 152 0413,nwrightsonjk@ft.com,1 Randy Point,Wuli,CN,2021-05-18,
179 669 4750,namthorjl@tripod.com,6236 Anhalt Road,Nanggela,ID,2012-07-12,
659 717 8334,afiddymontjm@hubpages.com,85301 Esker Street,San Antonio Oeste,AR,2018-10-22,
105 490 2600,pcandlishjn@gravatar.com,9278 Steensland Hill,Apopa,SV,2015-10-26,2021-06-02
377 781 5943,igurleyjo@redcross.org,38613 Arapahoe Terrace,Lovas,HR,2023-01-01,
292 708 4639,asargoodjp@mozilla.org,0543 Jenifer Street,Hetou,CN,2023-07-24,
438 439 4583,rclotherjq@yellowpages.com,9 Lighthouse Bay Parkway,Kosikha,RU,2016-02-06,2016-03-12
117 472 8078,sempringhamjr@technorati.com,9 Pawling Parkway,Matangpayang,ID,2018-06-09,
222 892 9021,wdodsjs@go.com,0964 Vidon Junction,Nechanice,CZ,2013-03-12,2005-05-09
677 919 9272,wlorensjt@ibm.com,2475 Norway Maple Lane,Zhongshan,CN,2018-11-10,2011-04-24
143 328 7323,slapwoodju@newsvine.com,0 Harbort Hill,South Tangerang,ID,2018-12-11,
830 166 2764,umacsweeneyjv@disqus.com,5110 School Trail,Pisarzowice,PL,2019-06-12,
920 931 5485,malvenjw@yale.edu,22 Pierstorff Alley,Nowa Sol,PL,2013-11-11,2014-12-09
120 834 6061,smishawjx@irs.gov,21693 Mosinee Pass,Getazat,AM,2013-09-25,
481 994 9142,jsidlowjy@360.cn,2 Loeprich Hill,Hejia,CN,2007-06-06,2018-12-30
616 282 5175,banglissjz@eventbrite.com,70736 Clarendon Crossing,Reims,FR,2013-10-23,2013-08-16
928 557 2871,qmenguek0@4shared.com,1 Reindahl Crossing,Xiaoweizhai,CN,2012-03-01,2012-08-15
153 285 2414,aboolsk1@wunderground.com,42 Cody Road,Izra,SY,2020-04-13,
284 960 8435,soverpoolk2@ycombinator.com,45 Myrtle Terrace,Ungsang,KR,2009-03-09,2008-11-19
978 685 3396,dfindonk3@booking.com,5140 Carey Street,Blerim,AL,2016-01-31,
106 887 4557,lyaakovk4@dagondesign.com,584 Bowman Plaza,Sacanche,PE,2021-12-11,2018-07-03
269 939 2807,sofarrisk5@ibm.com,3 Donald Lane,Battle Creek,US,2009-02-03,2021-11-29
229 228 3466,mvallentink6@ucoz.ru,2862 Jay Circle,Hikari,JP,2007-07-01,
828 718 5107,lchessmank7@hexun.com,82966 Merry Lane,Shaxi,CN,2017-01-12,
159 936 9501,karensonk8@cargocollective.com,74 Rutledge Lane,Nangalisan,PH,2016-10-14,
785 865 5423,oebenezerk9@macromedia.com,1114 Forest Circle,Hamberang Sabrang,ID,2013-12-20,2012-03-04
673 751 7909,temeneyka@google.co.jp,7 Comanche Plaza,Pinheiral,BR,2023-04-22,2007-09-14
555 158 4236,ebickmorekb@yellowbook.com,360 Maple Point,Kafr Thulth,PS,2005-09-18,2023-11-07
621 734 9277,llynesskc@chron.com,314 Victoria Drive,Butel,MK,2022-06-12,2005-05-16
316 665 0217,inowakowskakd@netlog.com,9617 Sommers Avenue,Komatsu,JP,2012-08-12,
159 323 4732,hlinchke@bizjournals.com,7 Hayes Crossing,Orange Farm,ZA,2015-07-26,
554 668 7159,ggeppkf@woothemes.com,781 Mariners Cove Crossing,Ibaiti,BR,2016-03-01,2018-11-02
415 134 9257,aallbrookkg@taobao.com,53 Morrow Trail,Pyshchug,RU,2006-12-30,2009-05-06
824 831 5016,gordkh@xing.com,0 Manley Circle,El Maranon,HN,2008-12-28,2019-08-08
248 946 7076,jrenderki@hc360.com,09801 3rd Trail,Mossel Bay,ZA,2007-11-05,2015-02-01
787 901 9006,jgiacomozzokj@cargocollective.com,937 Hauk Avenue,Yanqi,CN,2008-10-04,
807 553 9652,tbattesonkk@blogspot.com,65887 Merry Lane,Llocllapampa,PE,2004-01-14,2011-04-02
123 941 1717,ldoddemeadekl@admin.ch,49 Brickson Park Center,Groblersdal,ZA,2004-04-01,2006-07-06
560 926 1987,tbarrowcliffekm@msn.com,8 Briar Crest Hill,Hexi,CN,2013-09-08,2006-04-01
347 473 6793,sturfskn@a8.net,77 Basil Lane,Thanh Pho Phu Ly,VN,2013-12-19,2012-03-27
342 681 3755,colynnko@multiply.com,779 Everett Terrace,Aqtoghay,KZ,2021-04-10,
939 522 8731,gomullaneykp@whitehouse.gov,1826 Farmco Center,Naifalo,ID,2011-07-15,2016-01-07
663 951 5800,jtribellkq@ox.ac.uk,37007 Gerald Hill,Zabrat,AZ,2019-10-29,2008-03-12
290 549 4867,freascekr@rambler.ru,6587 Towne Junction,Gorno Orizari,MK,2023-06-20,
739 108 9559,lpetowks@amazon.de,688 Hermina Parkway,Pamplona/Iruna,ES,2017-07-09,
589 782 3255,hterzikt@nih.gov,24 Portage Court,Maliuzui,CN,2019-04-05,2004-10-09
195 736 7405,dcroysdaleku@phpbb.com,279 Logan Park,Lab,CN,2023-01-20,2005-03-06
556 740 3093,jminchintonkv@nih.gov,9205 Ludington Avenue,Cravo Norte,CO,2013-12-07,2013-03-27
567 209 2329,swaycotkw@amazonaws.com,0489 Redwing Crossing,Sanguanzhai,CN,2017-01-19,2015-12-06
712 658 4295,sninnolikx@blogspot.com,0939 Towne Avenue,Bayt al Awabi,OM,2017-04-01,2004-02-04
479 596 7522,lelwinky@kickstarter.com,43 Maple Alley,Kepno,PL,2020-09-08,2017-06-13
250 745 9236,shalladeykz@ow.ly,9959 Waubesa Drive,Akita Shi,JP,2016-03-14,2016-07-28
187 741 6880,jbackshilll0@yellowbook.com,32 Nova Plaza,Sruki,ID,2020-06-27,
964 472 7007,jwarlowl1@sitemeter.com,61 Namekagon Alley,Ayrihuanca,PE,2022-06-08,2005-06-28
279 520 4433,cbrittonerl2@gmpg.org,8712 Corben Pass,Yangmiao,CN,2004-01-06,2009-03-13
920 992 1559,swenmanl3@cmu.edu,94 Independence Circle,Lifuta,CN,2015-04-07,2021-07-19
919 776 0856,anicholsl4@lycos.com,5 Bashford Street,Marne-la-Vallee,FR,2006-07-13,2017-11-23
932 843 6858,smcfaull5@canalblog.com,872 Sage Alley,Konce,MK,2020-12-02,
402 826 7432,bcourtmanl6@ocn.ne.jp,231 Vahlen Street,Seversk,RU,2023-03-14,2013-11-28
527 971 7117,ltomlettl7@goodreads.com,434 Little Fleur Circle,San Juan de Planes,HN,2005-07-07,2011-08-20
183 694 1671,eselbyl8@washingtonpost.com,339 Schmedeman Court,Dainan,CN,2011-02-28,2013-01-05
186 804 0946,rmarchingtonl9@cnbc.com,85100 Loomis Alley,Al Fujayrah,AE,2010-07-26,
414 712 5070,hbolamla@tamu.edu,91604 Hermina Center,Eindhoven,NL,2005-09-23,
778 139 0981,dranklinlb@mit.edu,4 Crownhardt Place,Liulin,CN,2022-09-14,2006-10-07
930 982 9284,vwaliszeklc@meetup.com,92 Gina Terrace,Tiegai,CN,2006-01-09,
845 372 0339,sboffeyld@sphinn.com,88 Bayside Pass,Changyanbao,CN,2009-11-13,2008-05-03
516 583 0249,eplaisterle@blogtalkradio.com,67 Warner Alley,Stavanger,NO,2011-05-06,2014-03-25
766 379 0419,mpollylf@trellian.com,36483 Spohn Drive,Anavra,GR,2013-10-06,
446 472 8214,nabarrowlg@tinypic.com,4724 Melvin Trail,Kerkrade,NL,2007-11-04,2009-02-21
688 911 5872,spappilh@gizmodo.com,73070 Mitchell Point,Kachkanar,RU,2022-07-23,2012-06-22
940 804 2605,gpenkethli@disqus.com,615 Blackbird Alley,Kawerau,NZ,2004-12-11,
320 688 7424,mcroydenlj@sina.com.cn,717 Kipling Trail,Ipu,BR,2008-08-16,2022-12-06
274 477 6330,gfrangellolk@yandex.ru,9 Leroy Lane,Ostrow Mazowiecka,PL,2022-01-24,2010-08-23
318 361 7722,hreckusll@yellowbook.com,58807 Hooker Terrace,Monroe,US,2008-01-15,2010-11-18
192 200 8000,mcalveleylm@aol.com,1 Sachtjen Plaza,Thies Nones,SN,2008-05-09,
730 647 7599,skinnardln@skyrock.com,9 Mccormick Drive,Itumbiara,BR,2021-08-20,2009-10-25
857 321 9851,jgiovannettilo@irs.gov,61041 Oakridge Drive,Jingzhu,CN,2015-10-28,
737 822 1309,lmesantlp@google.pl,7706 Michigan Street,El Calvario,MX,2004-07-14,2004-11-26
927 805 6331,rtrapplq@nbcnews.com,345 Bunting Junction,Suleja,NG,2017-09-03,2014-09-30
862 988 4928,mpedlerlr@ibm.com,43882 Waubesa Trail,Wangchuanchang,CN,2012-01-26,
233 371 3015,fmarchamls@jiathis.com,3480 Badeau Hill,Lowayu,ID,2023-05-30,
908 834 5220,swyelt@nature.com,45 Stuart Way,Zelenec,CZ,2019-06-13,
187 765 5319,jmacbeylu@state.tx.us,9 Bunker Hill Crossing,Mankoeng,ZA,2012-01-27,
718 782 4962,adumbartonlv@wikimedia.org,8757 Eastlawn Parkway,Charat,PE,2012-10-18,2019-02-28
789 359 3823,kmalehamlw@cpanel.net,6319 Service Place,Guanay,BO,2023-10-26,2022-05-08
961 438 5454,bfullowaylx@deliciousdays.com,190 Pearson Road,Dongyangzhen,CN,2019-11-18,2012-03-20
407 781 8848,ateidemanly@webeden.co.uk,93274 Manley Drive,Monte Azul Paulista,BR,2014-02-22,2021-07-29
463 685 9088,gcoklylz@ucoz.com,65 Emmet Court,Matiao,PH,2005-11-17,2019-10-31
872 522 6477,fmacmechanm0@economist.com,40242 Talmadge Hill,Sunjia Buzi,CN,2013-12-08,2008-12-06
625 100 3387,bmenezesm1@youtube.com,0 Tennessee Junction,Jacarei,BR,2022-05-30,
854 532 3550,ppetroulism2@bandcamp.com,75331 Clemons Court,Zarechnyy,RU,2013-12-03,
316 438 8581,bmahaddiem3@qq.com,14 Blackbird Alley,Karuk,ID,2019-05-06,2022-07-06
260 612 6845,tsiredm4@dailymail.co.uk,5401 Blaine Trail,Geji,CN,2008-07-31,2009-10-06
937 561 8016,pvanyushinm5@jugem.jp,0420 Comanche Lane,Sano,PE,2014-10-25,
434 940 1635,ffennm6@cam.ac.uk,676 Anniversary Terrace,Heping,CN,2024-01-07,2020-06-11
338 300 7841,apurselowm7@google.es,33621 Utah Court,Juzhen,CN,2023-07-02,2022-09-05
886 761 7869,cdackem8@utexas.edu,9490 Magdeline Road,Phrae,TH,2018-12-05,
731 917 8541,llancleym9@icq.com,99663 Moose Avenue,Dalsjofors,SE,2015-06-11,
741 955 6521,dwelfarema@a8.net,2856 Lotheville Court,Kuma,ID,2021-12-11,
381 676 8319,ptattertonmb@state.tx.us,5793 Jenifer Way,Khugyani,AF,2008-02-07,2023-04-08
310 534 9810,vcostymc@nbcnews.com,7 Roth Road,Sangat,PH,2009-05-25,2021-10-10
776 428 3038,cgierckemd@youku.com,63 Springs Pass,Geser,ID,2008-03-07,2014-05-23
860 408 5521,bwebbme@nps.gov,466 Hintze Pass,Breia,PT,2016-10-24,
799 449 0631,rmillmf@elegantthemes.com,60053 Oak Lane,Governador Valadares,BR,2007-09-20,
319 406 4236,moehmemg@hud.gov,5739 Banding Drive,Coronel Martinez,PY,2020-02-17,2017-10-20
759 212 5693,mfoakesmh@walmart.com,26 New Castle Terrace,Puerto Santander,CO,2011-10-18,2018-01-28
798 855 7490,eparradinemi@weibo.com,34798 Pine View Road,Fier-cifci,AL,2018-05-17,
365 348 1089,awoodvinemj@youku.com,67 Bobwhite Plaza,Taby,SE,2018-02-15,2021-11-22
656 784 7377,vculshewmk@cafepress.com,32060 Killdeer Center,Czemierniki,PL,2012-04-25,2022-09-29
154 342 7674,bvoletteml@usnews.com,4 Texas Plaza,Thanh Pho Thai Bnh,VN,2018-12-01,2008-07-02
893 824 5343,rsparrowemm@hostgator.com,7297 Sunfield Hill,Niort,FR,2008-01-19,2014-07-20
310 817 1595,hgrimmolbymn@mozilla.com,435 Glendale Lane,Madaoua,NE,2011-12-21,
437 470 2332,credermo@clickbank.net,8141 Glacier Hill Road,Atamanovka,RU,2009-08-14,2014-11-22
200 100 0562,ebosketmp@jiathis.com,1 Bluejay Circle,Kesugihan,ID,2020-12-15,
113 295 9249,cwarykmq@msn.com,2 South Court,Zhongshan,CN,2010-10-23,2011-12-06
286 785 1244,sferromr@prnewswire.com,5303 Northport Drive,Huaishu,CN,2006-06-28,
574 321 5581,gmcilmoriems@umn.edu,78 Manufacturers Place,Karano,ID,2008-01-06,2005-11-03
449 125 9587,awarenmt@elegantthemes.com,86 Union Road,Putou,CN,2022-12-25,2012-08-14
407 858 3802,pbalazinmu@simplemachines.org,51 La Follette Point,Zandak,RU,2009-06-01,2018-04-16
168 228 3334,spenticostmv@usatoday.com,122 Farmco Road,Qaxa,CN,2017-10-26,2004-01-28
841 690 0272,mscrivermw@ted.com,4737 Starling Road,Nakatsu,JP,2018-03-30,2013-10-07
191 920 0885,eharbidgemx@chron.com,41 Huxley Crossing,Baisha,CN,2021-09-23,2010-04-22
229 610 8110,pgreymy@quantcast.com,44248 Derek Plaza,Chencai,CN,2022-10-05,2015-02-27
637 503 6063,mlambrichtmz@mozilla.com,444 Daystar Center,Salaverry,PE,2020-09-25,2019-04-28
606 406 4548,rchawkleyn0@gov.uk,0589 Clove Court,Wangfu,CN,2004-07-22,2021-03-16
828 644 4846,sweeklyn1@indiegogo.com,66 Dixon Terrace,Kowo,ID,2008-09-08,2005-04-10
140 983 0065,lbazelyn2@wikispaces.com,1 Huxley Court,Kuala Lumpur,MY,2007-05-12,
481 933 4972,edoolern3@ca.gov,61901 Ryan Terrace,Belica,HR,2007-12-30,2006-03-24
833 398 3371,ttynemouthn4@wsj.com,89263 Farmco Terrace,Kambing,PH,2007-02-23,
473 519 6157,sherculesn5@issuu.com,2711 Bluestem Junction,Leeuwarden,NL,2020-09-02,
678 786 7504,jmapletoftn6@amazonaws.com,1 Veith Center,Mushu,CN,2009-02-09,
303 826 9171,zgarrettsonn7@ycombinator.com,4 Messerschmidt Plaza,Straszyn,PL,2016-04-19,2020-06-09
345 684 8203,vheathcottn8@posterous.com,57 Wayridge Trail,Jezow,PL,2013-01-18,2012-02-28
469 121 9617,dpalmbyn9@stanford.edu,4723 Drewry Junction,Perovo,RU,2013-04-27,2006-08-22
517 265 9194,jbungeyna@live.com,72 Kinsman Way,Srostki,RU,2022-08-01,
190 706 2841,cbrainsbynb@nytimes.com,0 Kropf Crossing,Canas,CR,2011-07-03,2021-09-07
605 904 6282,kcallabync@youtu.be,3 Homewood Way,Independencia,MX,2005-11-05,
525 259 4898,jslocumnd@bloglovin.com,31 Debs Lane,Sundsvall,SE,2007-04-25,
117 860 9688,tkillickne@blinklist.com,25772 American Ash Center,San Felipe,CR,2009-09-19,2016-10-27
671 298 0927,lguisenf@home.pl,800 Milwaukee Circle,Abasan al Kabirah,PS,2020-12-07,2014-07-31
632 559 2668,fceaplenng@dell.com,98512 Meadow Vale Court,Pengxing,CN,2009-02-22,2010-07-27
846 695 6298,bfishbournenh@artisteer.com,4480 Barnett Avenue,Sihe,CN,2005-02-18,
300 844 7308,tarkleni@about.com,671 Sachs Avenue,Kolyubakino,RU,2007-05-16,
510 590 1218,shindshawnj@psu.edu,05226 Nancy Alley,Hejiayan,CN,2008-06-23,2018-12-16
862 448 3261,mspellingnk@domainmarket.com,602 International Terrace,Chakou,CN,2021-04-17,2012-11-15
944 879 8810,ndecruzenl@si.edu,6840 Eagle Crest Pass,Lam Sonthi,TH,2008-04-30,2015-10-26
697 208 5358,cflahertynm@businessweek.com,967 Portage Center,Uppsala,SE,2009-01-31,
808 667 0419,mgeldartnn@simplemachines.org,8654 Killdeer Park,Jetis,ID,2004-07-04,
122 842 1782,gduddyno@themeforest.net,95578 Glendale Crossing,Toba,JP,2019-05-28,2010-10-22
557 508 4559,kkevlinnp@hc360.com,644 Westend Avenue,Makur,FM,2016-03-18,2016-12-12
755 202 3985,mtabbnq@ustream.tv,91845 Bowman Way,Itatiba,BR,2019-02-09,2004-03-03
676 361 6610,rdionisettonr@shareasale.com,781 Armistice Lane,Donabate,IE,2020-12-12,
852 450 2461,ahansonns@rakuten.co.jp,01 Birchwood Junction,Taoshan,CN,2019-11-01,2013-01-31
294 476 3137,abarbent@goodreads.com,6201 Pond Trail,Inazawa,JP,2014-12-28,
891 588 7938,eburnnu@liveinternet.ru,884 Dapin Alley,Baitouli,CN,2020-09-18,2012-08-26
311 571 5211,hglantonnv@miitbeian.gov.cn,1643 Thackeray Way,Kotsyubynske,UA,2011-11-23,2008-03-28
334 981 1052,tcharitynw@studiopress.com,04 Bashford Park,Montgomery,US,2014-04-28,
732 338 5962,gmucklownx@weather.com,7 La Follette Trail,Daguma,PH,2016-01-06,2018-11-25
948 211 6285,stweenny@gov.uk,0 Vidon Crossing,Hankazi,CN,2019-06-05,
254 186 4620,cwhinneynz@odnoklassniki.ru,41 Nelson Alley,Zhuxi,CN,2008-10-19,2017-08-19
119 277 2647,kspreadburyo0@nytimes.com,30 Canary Way,omiya,JP,2015-08-15,2018-01-05
724 363 1909,mlappingo1@hp.com,8728 Anzinger Drive,Arras,FR,2023-03-08,2006-06-01
810 479 1965,tkoeppkeo2@tiny.cc,73 Northfield Point,Addiet Canna,ET,2014-07-31,
199 752 6123,bdodso3@icio.us,64 Comanche Alley,Mariquita,CO,2016-08-11,2016-07-16
738 610 5684,hwillmento4@geocities.jp,9265 Vera Lane,Sonorejo,ID,2010-01-06,
885 623 3430,dandreollio5@theguardian.com,5998 Spaight Avenue,Cruces,CU,2009-06-23,2016-02-29
860 114 1367,ffaltskogo6@timesonline.co.uk,2 Northport Terrace,Parintins,BR,2010-12-04,
872 452 6115,mlattimoreo7@indiegogo.com,1142 Stone Corner Point,Zhuanqiang,CN,2004-07-01,
981 930 8040,jshanleyo8@nps.gov,03 Commercial Hill,Sigeng,CN,2006-09-14,
903 737 6659,cfolbigeo9@ask.com,7494 Chive Point,Viga,PH,2010-12-15,2009-10-14
919 478 8236,zdownsoa@bbb.org,8387 Bultman Plaza,Pailou,CN,2008-03-28,2023-05-06
283 263 4190,emccreadyob@indiatimes.com,93386 Anniversary Lane,Maindang,PH,2013-03-08,
946 511 0685,bmcelaneoc@blogtalkradio.com,54049 Cody Crossing,San Luis,PH,2011-04-21,
426 767 9373,bfrostod@blog.com,8 Comanche Point,Lunen,PH,2013-09-30,
322 284 5778,pmcnalleyoe@army.mil,935 Myrtle Alley,Cikandang,ID,2008-01-28,
489 226 0230,lwyldesof@miitbeian.gov.cn,38919 Ohio Parkway,Castelo,PT,2008-02-03,2005-08-02
594 266 0876,cfinlryog@live.com,95 Hansons Drive,Amparafaravola,MG,2023-10-16,2013-07-09
102 782 6777,dpappinoh@nih.gov,71257 Manitowish Junction,Balugo,PH,2014-09-25,2023-06-20
909 249 3852,bsnedenoi@amazonaws.com,79 Schmedeman Park,Birganj,NP,2020-08-18,
416 546 9797,cmelledyoj@sitemeter.com,7828 Mayfield Place,Guaiba,BR,2006-01-03,
446 920 7434,jledgardok@bigcartel.com,31 Eastwood Alley,Du Qalah,AF,2009-10-29,2009-08-27
289 514 3817,obussonol@dedecms.com,8 Utah Junction,Zhaike,CN,2020-08-20,
602 482 2835,tdimmickom@tiny.cc,260 Orin Hill,Penalva,BR,2009-07-27,2014-10-02
279 535 8957,adankson@fc2.com,3247 Towne Park,Huazhou,CN,2012-09-20,
639 827 9182,eizchakioo@wikispaces.com,2 Burrows Pass,Pamoyanan,ID,2012-01-26,2017-10-16
898 686 9939,btabertop@loc.gov,8289 Sloan Junction,Cova da Iria,PT,2021-02-24,2016-02-06
734 425 6852,lsawoodoq@nationalgeographic.com,05652 Hallows Plaza,Elk,PL,2023-12-06,2023-01-08
168 411 4728,bbutchartor@unicef.org,41522 Stephen Center,Sanjiazi,CN,2014-10-13,2007-02-25
443 148 3497,baylwinos@economist.com,3061 Morrow Terrace,Qili,CN,2011-01-05,2023-02-03
546 416 9625,ariggertot@comsenz.com,35127 Fisk Parkway,Sinarjaya,ID,2013-02-26,2017-10-12
438 504 1085,ncarrollou@npr.org,52586 Linden Lane,Tak,TH,2023-09-21,
857 119 6242,cbadiniov@paypal.com,3652 Lien Center,Lung Ho,VN,2018-04-23,2007-12-27
604 759 8191,gbrunetow@indiatimes.com,7842 Montana Point,Wanquan,CN,2017-02-21,
136 754 8446,mstathamox@tuttocitta.it,504 Mallory Plaza,Zharkent,KZ,2014-09-19,2007-09-25
299 620 7935,kleveroy@angelfire.com,3 Arrowood Place,Dawa-Dawa,PH,2022-10-27,
180 152 1446,mendleyoz@themeforest.net,886 Redwing Lane,Nahiyat as Sab Biyar,SY,2004-04-03,2013-01-17
567 895 3831,kgoshawkp0@home.pl,8 Maywood Terrace,Palkovice,CZ,2004-06-21,
505 551 0710,asprasonp1@constantcontact.com,371 Killdeer Place,Kalebun,ID,2017-04-10,
828 179 0129,arumkep2@aol.com,6 Ruskin Parkway,Horad Pinsk,BY,2006-07-22,2004-12-29
802 726 2587,mroadnightp3@rakuten.co.jp,26919 Moulton Court,Gareba,ID,2009-04-16,
164 698 3159,esallierep4@hhs.gov,798 Mesta Terrace,Obolo-Eke (1),NG,2019-01-18,
839 816 7735,vgalesp5@free.fr,35 Mayfield Pass,Watuka,ID,2023-06-24,2017-01-29
433 286 9151,sbentamep6@google.cn,72 Sherman Lane,Candelaria,BR,2005-08-24,
890 710 2373,kkinsleyp7@chronoengine.com,98007 Saint Paul Plaza,Sanbaishan,CN,2017-04-13,2022-01-19
743 984 5200,emcquilliamp8@clickbank.net,5 Onsgard Avenue,Moreira de Geraz do Lima,PT,2020-04-01,
496 799 8347,lmabeyp9@about.me,1382 Thackeray Junction,Bizana,ZA,2007-11-09,2008-09-18
403 854 3880,amahargpa@seesaa.net,3442 Anniversary Road,Wenceslau Braz,BR,2010-07-02,2012-04-27
404 190 8031,fkeymarpb@booking.com,01711 Veith Terrace,Atlanta,US,2004-05-27,2004-08-16
784 960 0069,mseamanspc@mozilla.com,1 Sullivan Road,Yungaisi,CN,2005-02-25,2014-03-13
978 579 8132,tcomizzolipd@icq.com,16560 Union Alley,Yingkeng,CN,2006-02-21,2021-11-15
147 100 6524,ahorrodpe@nhs.uk,195 Cardinal Court,Yelabuga,RU,2006-05-06,2016-05-14
619 163 9597,ddugdalepf@com.com,5 Harbort Center,Uyen Hung,VN,2005-02-02,2020-02-15
265 138 2114,mpideonpg@nydailynews.com,2119 Bunker Hill Crossing,Sherwood Park,CA,2005-07-06,2020-04-26
912 972 1451,jmceloryph@php.net,0 Ruskin Parkway,Savannah,US,2013-01-26,
677 656 3673,esircombepi@a8.net,16270 Kropf Crossing,Keren,ER,2022-11-26,2016-06-20
792 651 5386,gedysonpj@reference.com,99194 Farmco Point,Burgos,PH,2020-02-14,2024-01-13
541 154 5571,lkhosapk@yelp.com,5 Springview Alley,Los Fresnos,MX,2011-07-07,
612 781 1031,ecoffeltpl@baidu.com,2 Melrose Parkway,Luodian,CN,2012-04-21,
611 637 4810,dturfreypm@npr.org,935 Harper Plaza,Aachen,DE,2022-08-05,2005-08-06
986 653 8411,mmcmanamanpn@technorati.com,00641 Gulseth Trail,Duwayr Raslan,SY,2006-11-20,
114 451 8497,kstollsteimerpo@yandex.ru,9 Muir Crossing,Dijon,FR,2022-10-30,2009-12-07
603 157 2768,ihausepp@skype.com,9716 Myrtle Crossing,Staryy Merchyk,UA,2020-05-13,
922 808 3937,gvanettipq@shutterfly.com,87500 Service Street,Mabu,CN,2020-11-02,
163 432 6390,fportingalepr@nymag.com,1 Aberg Crossing,Sanchahe,CN,2023-01-03,2022-08-07
703 482 3390,hyegorovninps@businessweek.com,27 Hallows Plaza,Yengimahalla,CN,2006-02-10,2022-11-10
835 197 1275,rcraisept@discuz.net,584 Helena Alley,Myitkyina,MM,2004-01-14,
192 486 1733,tcowinspu@360.cn,28 Stoughton Hill,Santo Anastacio,BR,2007-11-17,
436 460 6511,rtanmanpv@pcworld.com,201 Westend Plaza,Yushikalasu,CN,2020-10-09,2014-06-23
774 106 8791,jharcourtpw@360.cn,64 Columbus Pass,Yongan,CN,2021-08-18,
960 437 4734,ccarderopx@booking.com,322 Cordelia Circle,Guijalo,PH,2009-02-08,
861 771 7810,kmonnoyerpy@chronoengine.com,8 Maple Wood Junction,Kolindros,GR,2008-09-29,2014-02-12
892 763 6325,larboinpz@dailymotion.com,3 Loomis Park,Waipawa,NZ,2021-09-12,2015-09-27
735 504 8136,pmanterfieldq0@reference.com,95 Service Pass,Nkwerre,NG,2013-03-01,2021-02-08
657 217 8107,crigneyq1@seesaa.net,07709 Briar Crest Lane,Jawhar,SO,2015-11-25,2021-09-05
930 800 2779,jgiacobelliq2@google.it,7 Quincy Point,Mukacheve,UA,2019-12-17,
655 562 6505,rcornhillq3@123-reg.co.uk,2 Dwight Terrace,Baniachang,BD,2015-04-29,
344 423 0384,cdoddq4@amazonaws.com,0 Meadow Vale Lane,Ksiaz Wielkopolski,PL,2023-04-06,2005-12-03
100 946 8942,alechelleq5@soup.io,5180 Merchant Court,Bulihan,PH,2005-02-19,2013-07-12
439 787 8773,mripponq6@fc2.com,3 Manufacturers Place,Chambery,FR,2015-02-25,2023-04-29
268 884 0768,cmclorinanq7@arstechnica.com,87595 Mockingbird Street,Aizkraukle,LV,2022-10-16,2017-02-21
273 582 2585,olyalq8@mozilla.com,44755 Southridge Drive,Nema,MR,2017-11-05,2006-09-10
680 614 1262,skalinskyq9@bloglovin.com,9325 Bay Park,Sengeti,ID,2010-09-25,
969 872 2342,qshirtcliffeqa@jigsy.com,43 Lotheville Park,Lipie,PL,2010-07-18,2009-07-25
578 104 8172,vhenrionotqb@mlb.com,9156 Nova Alley,Ketawang,ID,2014-08-25,
798 933 3025,gmauldenqc@shutterfly.com,2213 Shelley Pass,Linshanhe,CN,2020-04-09,
785 814 6267,pdowtryqd@psu.edu,41 Mcbride Street,Omu Aran,NG,2020-04-25,
884 457 8311,dcorneliusqe@mayoclinic.com,64599 Marcy Circle,Pyhaselka,FI,2016-01-10,2015-01-24
255 277 4331,mgarredqf@gmpg.org,5604 Haas Park,Ribeirao,BR,2005-11-25,
163 217 3913,tquantickqg@usda.gov,4 Ryan Junction,Fukuoka-shi,JP,2005-02-21,2007-12-27
663 108 5333,cwilleqh@bluehost.com,25248 Norway Maple Drive,Madingou,CG,2019-05-12,
974 291 8266,jhurchqi@mac.com,097 Pawling Parkway,Porocan,AL,2014-08-22,
128 286 6062,ksizlandqj@discovery.com,184 Haas Trail,Plonsk,PL,2005-11-12,2008-10-13
176 962 7009,ajaimeqk@vk.com,9 Charing Cross Park,Phatthalung,TH,2019-09-24,2013-05-07
186 755 2858,msteutlyql@netvibes.com,18 Monument Street,Dau Tieng,VN,2015-12-26,2021-11-16
891 727 3249,pspriggqm@nationalgeographic.com,901 Crowley Parkway,Fukushima-shi,JP,2023-03-11,
455 849 5870,bbottermanqn@behance.net,541 Old Shore Pass,Shuanggang,CN,2008-12-29,
479 607 5281,jrembaudqo@mysql.com,985 Truax Plaza,Mossoro,BR,2008-03-18,2015-06-02
155 794 4265,lroelofsqp@blogtalkradio.com,9 Village Alley,Phutthaisong,TH,2004-03-06,2019-08-14
879 223 7582,kloynsqq@chronoengine.com,253 Crownhardt Avenue,Conceicao do Jacuipe,BR,2015-06-21,
973 181 0702,abutterqr@craigslist.org,5263 Melby Trail,Moron,MN,2022-11-26,2008-07-17
925 452 4664,hhainsqs@quantcast.com,83 Homewood Pass,Port Nolloth,ZA,2004-12-30,2022-11-03
679 707 6530,kcharkeqt@cnet.com,9436 Valley Edge Hill,Talakag,PH,2019-01-03,2016-09-13
329 261 8990,amarciskewskiqu@psu.edu,56217 Schiller Street,Xingren,CN,2010-09-19,
597 938 7812,talesqv@hubpages.com,4735 Packers Terrace,Qingshuitang,CN,2005-07-18,
779 942 7502,dventuraqw@archive.org,24552 Leroy Lane,Lahar,ID,2021-01-18,2018-04-01
906 203 1767,odrohaneqx@huffingtonpost.com,70 Delaware Circle,Bordeaux,FR,2018-06-10,
115 426 1344,dbroodqy@virginia.edu,7680 Cardinal Center,Ash Shajarah,SY,2023-07-18,
112 336 4666,tnavarijoqz@ameblo.jp,223 Dahle Lane,Grenoble,FR,2023-03-15,
617 379 1535,mlethbrigr0@dedecms.com,75 Westport Center,Nouaseur,MA,2007-07-04,2005-01-12
604 191 6144,gbagguleyr1@youtu.be,829 Corscot Crossing,Barakani,KM,2010-11-25,
227 401 0551,cnattrissr2@pbs.org,6055 Buell Lane,Wonocolo,ID,2019-11-05,2014-02-23
721 709 5678,gbrabantr3@stumbleupon.com,27909 Lake View Drive,Bluri,ID,2015-05-28,
561 630 2931,pplasterr4@dion.ne.jp,37 Mifflin Park,San Jose de Barlovento,VE,2022-04-30,2008-08-17
440 846 0654,edevenishr5@exblog.jp,371 Bobwhite Point,Paradela,PT,2018-08-10,2013-10-13
939 511 6780,polletr6@jugem.jp,6310 Lakewood Circle,Xianju,CN,2016-07-14,2017-01-04
586 550 6170,jroyansr7@privacy.gov.au,771 Mendota Trail,Bangekdewa,ID,2022-02-19,2016-01-12
330 564 0670,emerrinr8@imdb.com,41495 Gale Circle,"Coruna, A",ES,2021-12-04,
330 277 4559,mlittleproudr9@bbc.co.uk,052 Bluejay Drive,Lindavista,MX,2020-01-24,2014-10-27
973 765 2736,eparkinsra@ycombinator.com,37067 Pawling Point,Promna,PL,2020-06-15,2007-02-09
187 814 0552,jgavaranrb@quantcast.com,19 Bowman Plaza,Pallasca,PE,2015-04-15,2010-05-17
493 728 0845,hboynerc@soundcloud.com,64 Farwell Junction,Glugur Tengah,ID,2012-10-09,
203 975 4500,gmainerd@xinhuanet.com,0510 Hudson Way,Aba,NG,2005-11-25,
444 898 5998,adonaherre@rediff.com,9 Pond Avenue,Narang,PK,2012-09-27,2008-12-19
637 251 3529,warnizrf@ovh.net,031 Marquette Park,Fucheng,CN,2014-05-29,2014-03-16
636 334 3931,tkeddlerg@meetup.com,1539 Sugar Place,Keyi,CN,2010-02-14,
894 870 2166,odulsonrh@gmpg.org,40 Anniversary Place,Tiebukenwusan,CN,2015-06-28,
587 385 5211,lmcgownri@angelfire.com,7 Karstens Center,Moyogalpa,NI,2023-01-17,
485 237 5301,vascraftrj@sphinn.com,5688 Mesta Street,Jinqiao,CN,2013-09-21,2021-06-27
934 809 9161,rembyrk@163.com,7 Randy Trail,Manizales,CO,2005-07-21,
307 367 6636,nhoflerrl@gizmodo.com,554 Ruskin Junction,Xylotymbou,CY,2004-01-18,
109 156 9646,cdumbltonrm@java.com,65 Northview Place,Baranow,PL,2014-11-30,2006-08-27
305 264 7440,hpeidrorn@earthlink.net,448 Scott Park,Clearwater,US,2007-10-11,
853 357 1981,lmardlero@dagondesign.com,2 Summit Terrace,Strasbourg,FR,2004-08-02,
372 875 5008,agoligherrp@va.gov,31 Lerdahl Place,Gandoang,ID,2010-06-20,
449 757 2705,dentreisrq@telegraph.co.uk,958 Buell Parkway,Ruy Barbosa,BR,2006-05-05,2019-11-30
372 273 2762,fmaasrr@independent.co.uk,3 Forster Junction,Kalpin,CN,2019-04-12,2007-04-20