0,1,2,3,4,5,6
778 480 3456,eclough0@tinyurl.com,66 East Terrace,Markaz-e Woluswali-ye Achin,AF,2014-03-04,2018-09-16
462 804 6937,kmccole1@dmoz.org,04870 Prentice Junction,Seka,TH,2020-10-24,2023-05-05
128 788 5548,fsellens2@yale.edu,2 Superior Junction,Parang,PH,2015-08-27,
888 283 1739,dskeermer3@sakura.ne.jp,540 Sachs Way,Tubajon,PH,2008-04-13,2020-07-02
334 507 0457,cletch4@deliciousdays.com,685 Eastlawn Lane,Dawuhan,ID,2017-08-24,
219 388 4555,rstickley5@linkedin.com,5564 Magdeline Crossing,Fornelos,PT,2013-08-06,
254 665 1754,pdean6@tamu.edu,32 Kenwood Alley,Waiwukak,ID,2006-05-27,2022-12-25
721 626 8700,mrobertshaw7@springer.com,25687 Warrior Trail,Loma Bonita,MX,2023-09-21,2022-01-01
470 197 6861,dsnoxill8@smh.com.au,8 Chinook Alley,Savedalen,SE,2006-04-08,2013-12-15
727 910 7254,mratchford9@blogger.com,4689 Manufacturers Crossing,Cernosin,CZ,2016-01-02,2006-02-13
908 382 6964,wtaceya@amazon.com,0 Nobel Park,Mabugang,CN,2012-08-08,2022-09-26
328 258 5857,fstanyardb@zdnet.com,50406 Center Terrace,Pukou,CN,2023-05-29,
545 962 1368,fsillimanc@imageshack.us,1530 Hansons Alley,Sobreiro,PT,2009-06-26,
862 631 1633,wdredged@imgur.com,5876 Farmco Place,Gosen,JP,2014-05-24,2011-04-20
580 716 9053,hodunneene@hexun.com,7 Warrior Street,Pregrada,HR,2021-11-01,2017-05-05
892 955 0037,nskrynef@hc360.com,1 Sommers Trail,Ognevka,KZ,2009-06-05,2018-03-04
810 557 1190,mmckissackg@cornell.edu,16 Ruskin Center,Libu,CN,2017-05-16,
131 792 9126,mmorcombh@xing.com,9861 Buhler Street,Dobriv,CZ,2023-08-16,2012-01-09
181 992 9573,rbovairdi@economist.com,954 Lakewood Road,Yezhu,CN,2007-07-18,2007-03-15
944 671 5952,bcurromj@lycos.com,22 East Circle,Fontainhas,PT,2017-10-16,
108 492 9340,mcleeverk@newyorker.com,48 Carioca Street,Kimanuit,PH,2019-06-29,2017-05-06
843 532 4214,mkynderl@washington.edu,90 Corry Place,Bacungan,PH,2004-11-29,2023-03-06
680 457 2207,ldunkerlym@ucoz.com,0 Hanson Point,Hecheng,CN,2011-07-14,
708 241 6209,astrangmann@economist.com,77 Maple Wood Junction,San Bernardo,CL,2019-02-04,2012-11-05
134 440 7886,cneelyo@cyberchimps.com,87 Pepper Wood Point,Guiglo,CI,2022-10-31,2004-09-17
114 842 3399,fmaberp@smh.com.au,6 Atwood Crossing,Karabash,RU,2023-08-10,2008-08-09
915 651 6495,lviscoq@sohu.com,0 Sunfield Way,Al QarArah,PS,2012-04-15,
963 149 4910,bsalvatir@moonfruit.com,308 Glacier Hill Hill,Ugba,NG,2013-08-18,2012-04-23
502 785 7709,lbauduins@cdbaby.com,060 Rusk Way,Klishkivtsi,UA,2007-10-12,
271 223 2072,wberchert@goodreads.com,15 Garrison Crossing,Vilnyansk,UA,2020-07-26,
199 329 3266,bstratiffu@usnews.com,785 Sachs Alley,Kepice,PL,2008-11-27,2008-09-18
862 224 3473,bmilesv@yelp.com,639 Bay Trail,Kalenderovci Donji,BA,2013-01-11,
186 957 5721,dgrimsdithw@yelp.com,857 Autumn Leaf Trail,Fengle,CN,2007-12-16,2008-12-23
408 939 8644,rtothx@businessweek.com,048 International Pass,Radzanow,PL,2005-09-23,2015-06-20
327 667 0106,kliversagey@cbsnews.com,44 Armistice Circle,JAsim,SY,2005-05-20,
763 830 0617,kpretoriusz@cnbc.com,32 Fairview Parkway,Xinzhou,CN,2019-05-30,2018-02-27
724 296 8043,ahubback10@examiner.com,4367 Blackbird Pass,Uhniv,UA,2013-07-02,
580 129 6347,sbanishevitz11@alibaba.com,75 Browning Plaza,Kumanovo,MK,2019-05-04,2007-04-07
629 832 0536,bhucknall12@bigcartel.com,973 Dixon Drive,Taungoo,MM,2010-07-09,
355 999 8082,kbarthropp13@china.com.cn,5196 Holmberg Trail,Maliuzui,CN,2017-08-12,2021-09-27
315 594 6651,mgulvin14@g.co,05 Graceland Court,Sulitair,ID,2006-12-31,
977 469 6325,ycuxson15@boston.com,54308 Badeau Place,Orimattila,FI,2021-01-27,
376 528 1908,zricart16@dagondesign.com,16636 Sauthoff Drive,Srednebelaya,RU,2018-09-12,2014-12-24
468 837 6921,seacle17@statcounter.com,57188 Boyd Place,Calais,FR,2015-07-15,2005-05-09
279 387 5305,bgymlett18@netvibes.com,845 Barnett Center,Shuangjing,CN,2020-07-02,
241 794 0326,lvannuccinii19@indiegogo.com,543 Swallow Road,Tupaciguara,BR,2007-12-01,
617 976 9755,snormandale1a@si.edu,88797 Leroy Parkway,Mariental,NA,2017-05-29,2006-12-02
994 347 8837,elongson1b@indiegogo.com,4 Morningstar Plaza,Imeni Zhelyabova,RU,2013-10-29,2008-06-22
382 638 3371,dklimek1c@oakley.com,46 Eagle Crest Point,Huaniao,CN,2013-03-11,2023-07-03
822 304 7884,ppirrie1d@myspace.com,16747 Meadow Ridge Avenue,Maodian,CN,2008-12-31,
129 208 4223,hbester1e@cpanel.net,07 Miller Trail,Hufang,CN,2017-08-11,2012-08-26
626 789 9941,rleavey1f@sfgate.com,78 Caliangt Crossing,Abrahams Bay,BS,2023-03-16,
336 369 9081,nackermann1g@foxnews.com,940 Meadow Valley Plaza,Safara,PT,2016-05-08,
804 217 4142,mgronno1h@4shared.com,4 Porter Place,Polowat,FM,2011-05-06,
963 153 8752,fentwisle1i@simplemachines.org,3175 Kenwood Drive,Uydzen,MN,2023-06-04,2005-01-17
313 249 7744,lgreatreax1j@mashable.com,233 Brown Crossing,Beaumont,CA,2018-05-27,2007-05-30
838 461 9226,cbicksteth1k@mapquest.com,85 Hoard Crossing,Barbacena,BR,2007-02-08,2009-12-23
940 724 3593,jsighard1l@seattletimes.com,3 Mesta Hill,Berlin,HN,2016-11-19,
725 745 2355,bbillinge1m@ox.ac.uk,83 Tennessee Alley,Molochnoye,RU,2023-08-23,2004-04-05
353 346 3761,tczadla1n@networksolutions.com,18 Vahlen Lane,Acharnes,GR,2004-06-09,2012-11-28
623 199 8691,dsaggs1o@unesco.org,0 Melvin Terrace,Gavle,SE,2008-07-05,
866 422 2957,aschuricke1p@imageshack.us,4 Merchant Court,Cekcyn,PL,2023-10-25,
466 304 1373,esyphus1q@cdbaby.com,483 Huxley Street,Guankou,CN,2008-05-21,2007-06-25
278 585 0625,cmerrick1r@tuttocitta.it,9671 Sunfield Circle,Sarongan,ID,2007-12-12,
236 909 8279,nsidle1s@fotki.com,1890 Forest Pass,Zywiec,PL,2007-06-11,2006-10-07
611 331 1340,gatheis1t@cbslocal.com,37250 Randy Street,Ponta Pora,BR,2014-07-16,2005-07-11
228 469 3861,abugler1u@rakuten.co.jp,3 Center Street,Mirsk,PL,2018-11-28,2016-01-12
879 553 5898,stegler1v@deliciousdays.com,34475 Sunnyside Pass,Halmstad,SE,2019-05-21,2022-06-11
446 980 8788,bmethley1w@usatoday.com,3 Crescent Oaks Plaza,Chitral,PK,2020-02-16,
340 796 7808,dcowperthwaite1x@cbslocal.com,57 Farmco Parkway,Skaryszew,PL,2008-10-02,
437 900 1360,tcornehl1y@princeton.edu,476 Basil Crossing,Siqiao,CN,2019-09-15,2012-07-16
150 289 2318,hmelato1z@msn.com,7 Ridge Oak Alley,San Agustin Acasaguastlan,GT,2008-09-11,
537 187 4840,slyle20@rakuten.co.jp,7980 Banding Pass,Chernyakhovsk,RU,2022-08-13,2014-10-05
583 257 3565,pkerton21@weibo.com,2062 Brentwood Drive,Unidad,PH,2006-10-27,2020-02-04
482 812 5251,okondrachenko22@toplist.cz,18 Rusk Place,Champerico,GT,2018-09-18,
401 211 0465,gwheelwright23@dagondesign.com,23270 Granby Drive,Providence,US,2013-09-17,2007-12-15
616 331 4516,sverne24@europa.eu,25886 Ridgeway Crossing,Sagua la Grande,CU,2019-04-30,
752 861 7291,bhelversen25@nih.gov,3 Meadow Vale Terrace,Inio,FI,2023-06-13,2012-09-06
300 318 7416,rsurgen26@eepurl.com,4811 Nevada Avenue,Dailekh,NP,2008-06-20,
736 270 8535,cmunson27@cbslocal.com,09 School Park,Sukamulya,ID,2022-07-15,
268 659 9509,ybiasioni28@ifeng.com,1 Warbler Street,Lanxi,CN,2012-01-29,2011-12-10
211 570 1886,shourihan29@e-recht24.de,96048 Luster Hill,Suyo,PH,2011-06-19,
352 556 2987,slambertz2a@dropbox.com,3 Pearson Pass,Lebedinovka,KG,2014-04-09,2016-10-06
308 910 4776,lmccarlie2b@wunderground.com,8 Fairview Court,Huangcun,CN,2006-08-08,
599 466 1320,lsivyer2c@nih.gov,5514 Straubel Park,Trzciana,PL,2004-06-19,2005-10-07
101 207 8938,benden2d@yahoo.com,111 Lien Trail,Aso,JP,2016-04-23,2013-12-11
394 980 8224,mpaffitt2e@e-recht24.de,875 Valley Edge Park,Shibi,CN,2010-12-02,
884 925 7889,gwebbbowen2f@netscape.com,646 Hazelcrest Pass,Itbayat,PH,2014-12-07,2005-07-21
839 524 6221,hlumbers2g@yelp.com,37403 Melby Court,Nelazskoye,RU,2013-04-23,2021-08-14
374 314 1512,zmargetson2h@webeden.co.uk,67173 Merchant Street,Jingling,CN,2008-11-27,
753 351 5992,kquinnell2i@un.org,40592 Hayes Drive,Tolkmicko,PL,2020-06-25,2016-02-19
895 198 7954,dohara2j@constantcontact.com,03886 Del Mar Park,Parnamirim,BR,2009-04-11,2016-07-31
989 595 9238,fshord2k@oracle.com,27 Grayhawk Center,Neietsu,KR,2021-09-09,2006-08-29
600 322 4167,jdeny2l@prlog.org,47 Comanche Place,Samaro,PK,2007-11-18,2005-03-29
517 672 2989,ablanden2m@mit.edu,59607 Scofield Drive,Gamboula,CF,2021-11-17,2019-07-04
998 708 5478,rdeakes2n@webnode.com,0 Becker Hill,Bagusan,ID,2023-09-09,
420 362 5065,agalle2o@phoca.cz,36 Mccormick Court,Haiyu,CN,2017-07-01,
356 421 9576,wlucken2p@buzzfeed.com,96080 Menomonie Junction,DAr Kulayb,BH,2007-06-25,2014-03-03
523 143 3139,fmolian2q@shinystat.com,75929 Clyde Gallagher Center,Taisen-ri,KR,2011-01-04,2010-11-13
875 184 1948,lmaccurlye2r@last.fm,151 Memorial Drive,Viana do Alentejo,PT,2015-01-11,2017-11-01
453 237 2660,fmcpheat2s@rambler.ru,26700 Heath Point,Kafr Sawm,JO,2008-09-30,2015-12-20
573 428 2048,wtoffel2t@businessweek.com,29659 Linden Avenue,Maubara,TL,2014-06-04,2004-07-04
780 929 9740,rmulrean2u@huffingtonpost.com,979 Garrison Street,Huari,PE,2014-02-03,2011-12-26
369 889 4750,mgalgey2v@google.com.br,13 Farragut Avenue,Veseli nad Luznici,CZ,2021-04-18,2009-02-15
442 519 5978,glangmuir2w@theatlantic.com,6 Helena Drive,ZUrich,CH,2007-06-08,
569 514 7186,knunnerley2x@jimdo.com,75 Bluejay Park,Baima,CN,2005-05-18,2019-04-30
457 933 8462,jetherson2y@toplist.cz,8350 Brown Road,Gabahan,ID,2009-01-07,2014-01-30
757 207 7036,mmowle2z@constantcontact.com,92 Village Green Center,Douane,TN,2014-08-19,
621 482 5999,lanchor30@shareasale.com,9 Magdeline Park,Zhugentan,CN,2021-05-08,2014-12-15
608 602 4175,alainton31@epa.gov,6 Eggendart Alley,Bludov,CZ,2018-01-31,2021-05-16
603 739 3966,dvakhlov32@cpanel.net,08441 Onsgard Court,Jinzipai,CN,2007-10-30,2012-02-04
704 405 3585,tbech33@smh.com.au,87 Center Point,Charlotte,US,2012-06-01,2015-05-19
988 168 4165,rpinfold34@newyorker.com,99247 Dovetail Road,DawrAn ad Daydah,YE,2018-03-22,
496 255 0292,blaxen35@is.gd,61 Arapahoe Lane,Yilkiqi,CN,2013-09-30,2004-12-02
415 989 6842,zmatejic36@europa.eu,587 Forest Dale Street,Sumberan,ID,2010-06-02,
307 302 0053,efulk37@wisc.edu,5472 Packers Pass,Wenquan,CN,2011-10-04,2004-09-18
813 371 1521,vmussettini38@topsy.com,955 Ridgeway Plaza,Acari,PE,2021-08-13,
804 405 0094,hasplin39@is.gd,5 Dorton Trail,Casa Nova,PT,2004-07-04,2012-08-18
742 915 7847,kjune3a@stanford.edu,5 Tennessee Alley,Lyon,FR,2019-12-29,
989 946 7179,jorrock3b@sun.com,78726 Northland Hill,Angatel,PH,2004-03-20,2013-06-10
854 866 8831,thazeldine3c@so-net.ne.jp,34604 Tony Center,Sendai-shi,JP,2023-08-30,2008-05-28
475 694 7705,gpierucci3d@php.net,1 Linden Drive,Lazeshchyna,UA,2013-01-28,
422 302 4884,cswanston3e@php.net,6967 Reindahl Point,Bureng,GM,2018-02-02,2012-01-08
604 168 2075,jdorsey3f@jimdo.com,4861 Hoepker Road,Avignon,FR,2015-08-22,
704 145 1189,stison3g@wikia.com,04 Lighthouse Bay Alley,Sochaux,FR,2008-04-20,
498 923 0440,wkirley3h@last.fm,18 Banding Drive,Puro,PH,2023-10-27,
506 246 4480,hgillio3i@rakuten.co.jp,1012 Tomscot Terrace,Ankazobe,MG,2007-12-17,2011-04-07
459 318 3448,wbicheno3j@sakura.ne.jp,8 Elmside Crossing,Suqin Huimin,CN,2020-01-25,2014-06-24
810 846 7285,khacquoil3k@imdb.com,52 Fisk Crossing,Kage,SE,2020-07-08,
246 599 5604,bscarsbrook3l@vinaora.com,87966 7th Place,Itapevi,BR,2017-10-21,
251 690 5067,alain3m@ebay.com,97964 Dovetail Lane,Busia,KE,2004-04-26,2007-11-01
134 191 2381,gdecastelain3n@cnn.com,1945 Elka Way,Veltruby,CZ,2017-05-05,
234 765 0604,lgerring3o@joomla.org,843 Lighthouse Bay Pass,Santiago del Torno,BO,2009-11-10,
156 282 3453,bcoatts3p@tinyurl.com,5 Darwin Terrace,Pirai do Sul,BR,2006-12-22,
754 827 8365,jmashal3q@mac.com,8 Delaware Terrace,Casa Quemada,HN,2014-01-02,2018-11-09
730 386 5864,pdaish3r@addthis.com,6 Dakota Center,Dushang,CN,2020-01-31,
693 728 3477,jspellesy3s@gov.uk,18615 Loftsgordon Trail,Rondonopolis,BR,2019-07-17,
573 534 8427,csawood3t@answers.com,12 Ramsey Pass,Huangliang,CN,2022-12-12,
883 947 9659,gbalkwill3u@sitemeter.com,907 Ridgeway Avenue,Oni,GE,2021-04-19,2018-10-15
939 592 2706,tbroschek3v@bluehost.com,6612 Cascade Drive,Jiumen,CN,2007-11-16,2023-05-24
423 758 0377,tpaolone3w@cnn.com,7 Hudson Court,Callao,PE,2023-08-13,
925 331 8544,stallow3x@vkontakte.ru,3 Karstens Drive,Gingsir,ID,2009-07-26,
105 523 7417,hjanisson3y@icio.us,2 Clove Park,Riofrio,CO,2021-12-13,2006-07-19
515 978 1465,rklyner3z@mail.ru,174 Fallview Junction,Daojiang,CN,2020-11-13,2009-11-22
630 566 4761,aconybear40@istockphoto.com,37550 Leroy Center,Okotoks,CA,2021-05-19,
475 359 0331,mgigg41@wiley.com,0 Main Parkway,Huaquirca,PE,2014-12-15,2016-02-17
740 219 2269,mpealing42@dmoz.org,3 North Way,Cabugao,PH,2022-01-13,
675 601 8083,ahuggin43@cisco.com,9 Linden Avenue,Bastos,BR,2023-09-22,
399 338 9759,cborrington44@artisteer.com,1243 Bellgrove Pass,Al HilAliyya,SD,2016-06-05,2016-09-27
268 165 3155,lmaitland45@etsy.com,6270 Mayer Parkway,Bethlehem,PS,2005-01-14,2010-04-13
472 690 7975,owiffler46@ftc.gov,1 Melvin Drive,Bangunsari,ID,2011-06-13,2019-07-14
633 918 1381,dalgar47@microsoft.com,8 Milwaukee Park,KAmyArAn,IR,2018-12-07,
475 742 8741,aarrigo48@weebly.com,597 Mccormick Way,Tanjungbalai,ID,2007-04-20,2020-12-29
683 402 5906,mmcaughtry49@merriam-webster.com,6809 Gale Point,Szynwald,PL,2020-04-18,2011-06-01
235 801 9555,ztroop4a@hp.com,3544 Bartelt Center,Ryotsu-minato,JP,2018-07-01,
249 760 3745,jenzley4b@webeden.co.uk,2271 Corry Center,Jinniu,CN,2008-10-21,
151 677 0003,jgillum4c@cdc.gov,8285 Sachs Avenue,Jiepai,CN,2014-06-10,
312 898 8851,wevason4d@ebay.co.uk,1 Anzinger Street,Lyon,FR,2008-01-05,2009-08-10
106 246 9651,ccelle4e@tumblr.com,44186 Rutledge Street,Wapno,PL,2021-01-18,2014-05-04
102 764 0495,whurche4f@yolasite.com,25783 Kinsman Hill,Tiangua,BR,2016-03-30,2007-08-30
638 600 1321,jhadlee4g@feedburner.com,00 Leroy Drive,Tha Muang,TH,2005-07-13,
840 363 7285,bcosty4h@photobucket.com,05 Donald Avenue,Sarpang,BT,2022-06-01,
322 741 4581,kpareman4i@topsy.com,43930 Doe Crossing Pass,Sala,LV,2012-01-28,2007-12-28
651 468 4922,rvitet4j@youku.com,50715 Kedzie Center,Dhangarhi,NP,2015-09-26,2006-11-27
589 296 1461,hcramond4k@tripadvisor.com,863 Oxford Hill,Malakand,PK,2019-06-21,
654 187 5890,ituminini4l@elpais.com,5 Arapahoe Place,Leubatang,ID,2021-03-28,2023-06-21
854 931 5222,kberi4m@github.io,19 Paget Alley,Taian,CN,2014-05-09,
674 846 4436,lmalyon4n@etsy.com,78499 Boyd Plaza,Bamut,RU,2012-07-12,2006-10-02
630 370 4279,cbeddingham4o@yandex.ru,0 Almo Court,Repentigny,CA,2007-12-13,2016-05-14
512 559 7333,ghealings4p@51.la,15394 Eggendart Pass,Sigou,CN,2006-05-02,2021-03-19
489 523 9992,zpietruszka4q@cloudflare.com,11936 Wayridge Court,Rayong,TH,2009-09-15,2021-02-03
492 370 6738,rsmales4r@senate.gov,98 Pond Hill,Pantian,CN,2012-07-23,
925 460 2052,uzute4s@yahoo.com,77370 Kropf Road,Marsabit,KE,2007-02-27,
508 457 6352,bhofler4t@wp.com,250 Becker Point,Fier-CifCi,AL,2017-03-25,
845 760 2631,rgreen4u@google.ru,95863 Goodland Parkway,Dopang,ID,2015-10-12,2019-03-21
438 297 4366,ddeluce4v@telegraph.co.uk,658 Kipling Hill,Meishan,CN,2008-02-26,
101 140 9658,lgoncalo4w@redcross.org,72 Orin Road,Otacilio Costa,BR,2011-05-25,2021-02-01
286 532 2826,mskones4x@163.com,978 Ohio Plaza,Canggou,CN,2014-07-27,2016-01-07
907 143 6416,pgorger4y@google.it,1270 High Crossing Drive,San Pedro Jocopilas,GT,2006-06-15,
422 136 4083,roffa4z@tuttocitta.it,6711 Duke Crossing,Seraya,ID,2012-08-08,2011-06-28
906 830 7741,starn50@123-reg.co.uk,9 Debs Hill,Antwerpen,BE,2012-01-31,
986 152 8921,yswanwick51@ucla.edu,37 Scofield Hill,Pulaukijang,ID,2005-12-18,2020-07-26
556 981 8152,idooley52@wikipedia.org,4 Eliot Park,Xixia,CN,2011-02-28,2015-09-10
327 851 7944,ddymick53@wikia.com,1 Loftsgordon Pass,Wangfu,CN,2019-05-26,2014-04-24
384 406 6194,tropars54@ebay.co.uk,066 Butternut Circle,Waxi,CN,2017-02-16,
704 915 8532,layscough55@cnn.com,9912 Marquette Road,Rambouillet,FR,2015-08-25,2014-04-14
548 532 9662,cscatchard56@drupal.org,0 Haas Pass,Xiaruyue,CN,2005-10-17,2023-05-05
971 200 6760,ckalinsky57@eventbrite.com,9177 Brown Place,Plovdiv,BG,2013-05-14,2008-09-18
410 641 0075,dclemont58@bravesites.com,19 Calypso Avenue,Ciparasi,ID,2010-09-03,
439 354 7311,xcoping59@netvibes.com,244 Lotheville Park,Novovoronezh,RU,2021-03-15,
565 839 4547,ecrandon5a@va.gov,94 Northwestern Circle,Ungus-Ungus,PH,2012-08-04,
758 563 5598,mlashmore5b@paginegialle.it,5 Huxley Circle,Jish,IL,2021-10-20,2011-10-21
457 538 7957,nwilkes5c@sohu.com,64877 3rd Point,Kamyzyak,RU,2011-04-11,
460 124 6751,cstenner5d@fastcompany.com,28 High Crossing Parkway,Gorzow Wielkopolski,PL,2012-12-07,
330 474 5157,lsyfax5e@google.ru,16586 Hudson Terrace,Chaoyang,CN,2017-06-07,
435 744 7094,gclayill5f@google.ca,9520 Bultman Court,Hoolt,MN,2016-09-03,
732 325 4475,pwimpeney5g@aol.com,058 Carberry Park,Shijiao,CN,2006-10-30,2022-12-11
827 466 5495,jjanos5h@zimbio.com,2036 Muir Circle,Gubu,CN,2016-01-22,2005-05-09
498 542 5417,bcapineer5i@vk.com,86974 Fulton Place,Chernyshevsk,RU,2021-11-07,2023-10-30
324 500 2536,rchipman5j@hibu.com,51520 Sutteridge Place,Kuantan,MY,2006-10-05,2020-06-16
992 265 8036,bcrunkhurn5k@netvibes.com,8 Golf Terrace,Mobara,JP,2009-05-09,2021-08-04
356 162 0508,rrival5l@mozilla.com,1188 Marquette Center,Canoas,BR,2023-10-10,2023-12-07
867 263 7886,cmessier5m@mozilla.com,41 Marquette Crossing,Sandy Bay,HN,2019-09-28,2015-06-10
580 388 4826,rdorkens5n@weebly.com,9492 Dwight Road,Canutama,BR,2012-08-14,
937 363 1417,rvigietti5o@i2i.jp,49 Service Way,CamagUey,CU,2004-10-03,2012-05-25
886 469 2001,stweede5p@qq.com,418 Bunker Hill Road,Amerta,ID,2014-12-18,2015-06-24
140 811 7593,cstoves5q@pen.io,6 Randy Park,Debno,PL,2004-02-17,2017-02-14
982 244 3408,ndogg5r@cpanel.net,9 International Alley,Shirone,JP,2022-07-10,
253 876 9709,lgeldert5s@facebook.com,691 Carpenter Place,Tacoma,US,2017-06-19,
259 411 7427,hyoxall5t@mapquest.com,009 Surrey Place,Dobra,PL,2017-08-23,2015-12-23
944 252 0437,meeles5u@livejournal.com,93 Doe Crossing Pass,Sawoi,ID,2017-04-12,2013-04-25
618 945 6397,spritty5v@sbwire.com,4 Farwell Circle,Albania,CO,2007-05-25,2008-06-03
619 792 7878,wosgar5w@hhs.gov,59826 Loomis Center,Tuy Phuoc,VN,2020-09-12,2019-02-12
252 519 1434,clethcoe5x@geocities.jp,4 Del Mar Alley,Ban Lam Luk Ka,TH,2004-11-30,
245 152 2962,fhulance5y@yale.edu,63 Stoughton Way,Luyang,CN,2022-09-18,2019-08-28
156 445 8441,kabeles5z@bluehost.com,23958 Messerschmidt Circle,Mthatha,ZA,2015-03-02,2007-08-16
661 389 9438,bkerridge60@ca.gov,82254 6th Plaza,Bulag,MN,2013-06-07,2007-11-13
303 329 8339,mbinns61@latimes.com,196 Sauthoff Street,Zumarraga,PH,2019-08-08,2020-04-05
567 448 9422,twooster62@uol.com.br,9 Upham Plaza,Noshiro,JP,2015-08-25,
437 152 3889,nralston63@home.pl,7 Pennsylvania Circle,Rano,NG,2007-05-09,
366 808 1452,psedwick64@histats.com,9609 Sutteridge Drive,Haian,CN,2011-11-28,
566 315 9581,mthurley65@macromedia.com,18779 Brickson Park Circle,Edsbyn,SE,2004-11-14,2020-05-10
454 916 9317,lmcculloch66@unesco.org,44 Vera Junction,Vecumnieki,LV,2021-06-21,
193 836 6493,sscoullar67@mapquest.com,3 Morning Street,Parnamirim,BR,2022-06-25,
423 762 8508,kcreeber68@mozilla.com,24 Ramsey Crossing,Burgersdorp,ZA,2021-02-19,2012-11-08
902 280 0364,hbothwell69@boston.com,513 Raven Junction,Orsha,RU,2015-05-17,2018-10-15
740 352 8712,rfilppetti6a@rediff.com,1 Farmco Court,Voyinka,UA,2010-06-24,2004-03-09
248 788 2311,dmacmaster6b@is.gd,02 Mosinee Point,Nelahozeves,CZ,2005-05-30,
599 798 6815,psysland6c@boston.com,918 West Crossing,Kolchikon,GR,2013-11-24,2017-04-26
734 479 5979,evacher6d@blogspot.com,97670 Parkside Way,Sinamar,PH,2021-11-20,2004-08-07
252 750 1673,jtackett6e@behance.net,329 Browning Hill,Whitchurch,GB,2016-06-14,2015-05-03
417 791 1366,cfiggs6f@nhs.uk,92 Morrow Crossing,Mgarr,MT,2021-09-23,2019-01-24
174 782 2763,rsplevings6g@ucoz.ru,89115 Londonderry Circle,Dassa-Zoume,BJ,2015-08-07,
178 804 0236,lhearl6h@economist.com,2 Ridgeway Junction,Manglid,ID,2016-01-02,2016-11-26
411 652 5934,amoline6i@prlog.org,0 Ridgeview Crossing,Byahoml,BY,2019-12-18,2019-03-02
790 383 3103,dtownshend6j@xing.com,60487 Graceland Hill,Alfenas,BR,2022-04-14,2015-09-18
920 649 0146,gcolter6k@noaa.gov,2189 Shasta Drive,Jixing,CN,2007-01-25,2007-04-29
293 546 8557,tsorey6l@unc.edu,052 Lerdahl Terrace,Hongsung,KR,2004-10-12,
879 197 3153,pstronough6m@bigcartel.com,4196 Evergreen Junction,Rouen,FR,2021-12-07,
553 387 1428,dhaggard6n@deviantart.com,79980 Stoughton Way,Sao Mateus,BR,2005-04-24,2015-09-20
992 771 9613,rklugel6o@qq.com,198 Kinsman Park,Tangzang,CN,2018-07-10,
713 629 2482,rgietz6p@tamu.edu,20515 Hagan Drive,Loanda,BR,2019-06-21,
691 308 7806,gbasillon6q@freewebs.com,19666 Anzinger Plaza,Zbiroh,CZ,2006-11-02,
931 858 7502,ovouls6r@reference.com,753 Annamark Street,Chatuchak,TH,2004-09-26,2009-07-10
256 622 9619,edelacote6s@hc360.com,52480 Eagan Pass,Anniston,US,2014-02-04,2011-01-31
717 212 4307,jgrebner6t@sciencedirect.com,4392 Aberg Street,Voskresenskoye,RU,2015-10-05,
598 343 4455,ipougher6u@webs.com,31 Eagan Junction,Aviles,ES,2023-06-26,2023-04-22
705 155 2989,wjoselevitch6v@ow.ly,6837 Lien Road,Kompoti,GR,2022-06-18,
106 549 0329,lcardenosa6w@huffingtonpost.com,707 Kipling Crossing,Xincheng,CN,2023-12-15,
436 125 7457,egrubbe6x@reference.com,47834 Duke Center,Puerto Tejada,CO,2005-10-19,
575 412 6650,hmacclinton6y@gov.uk,4082 Eagan Court,Karonga,MW,2017-05-15,
265 526 8413,bpinnion6z@epa.gov,0735 Meadow Ridge Parkway,Krajan Craken,ID,2004-03-20,
608 584 6315,hheaffey70@privacy.gov.au,2 Walton Circle,Madison,US,2014-07-31,2012-06-26
891 247 4033,sandrini71@hexun.com,330 Dayton Circle,Colonia Wanda,AR,2022-09-05,2004-10-19
704 151 3764,lbucktrout72@rambler.ru,19 Russell Parkway,Charlotte,US,2006-07-06,2005-11-01
932 214 4834,mbroderick73@macromedia.com,13579 Texas Hill,Bilje,SI,2020-07-08,
847 715 0640,cmcmeekin74@microsoft.com,817 Chive Alley,Vychegodskiy,RU,2006-12-16,
644 440 2043,fkilner75@de.vu,041 5th Terrace,Vila Franca da Beira,PT,2009-02-13,
827 490 2510,wmimmack76@tinyurl.com,467 Acker Lane,Longchiqiao,CN,2008-09-09,
552 374 4208,joxenbury77@ucla.edu,315 Elgar Way,Nestorio,GR,2006-10-07,2012-10-08
500 282 9191,ebothie78@dmoz.org,858 Rockefeller Way,Tsukawaki,JP,2014-06-09,
680 123 9182,slines79@sitemeter.com,03158 Reindahl Point,Kryry,CZ,2006-03-05,
415 795 7548,hguenther7a@cargocollective.com,9977 Michigan Park,Fratar,AL,2011-12-15,2006-03-07
765 483 2378,esporgeon7b@boston.com,103 Declaration Trail,Hisai,JP,2010-10-21,2016-04-23
131 883 3678,aiorizzo7c@addtoany.com,81 Washington Point,Houping,CN,2006-02-26,
792 882 2157,mleedal7d@com.com,6512 Ridgeview Circle,Phatthaya,TH,2015-12-09,
245 582 7349,bstollsteimer7e@ucsd.edu,7 Boyd Trail,Birigui,BR,2018-07-09,
607 983 2078,cvalentin7f@feedburner.com,7 Karstens Drive,Khakhea,BW,2007-07-16,2019-02-02
907 104 3231,mcopnall7g@google.ru,4196 Buena Vista Lane,Anchorage,US,2023-10-27,2004-06-16
737 460 0415,cmattosoff7h@constantcontact.com,235 Annamark Lane,Cordoba,CO,2016-08-16,
866 608 2810,wocahill7i@tripod.com,073 Atwood Drive,Suponevo,RU,2007-03-12,
571 498 2687,sripon7j@wisc.edu,5990 Parkside Avenue,Toshkivka,UA,2016-04-11,2023-01-12
877 572 3577,jdubbin7k@ed.gov,04 Manufacturers Hill,Westonaria,ZA,2020-11-26,2011-06-06
756 646 5309,hbeddow7l@biglobe.ne.jp,4 Shasta Place,San Francisco,MX,2019-04-23,2006-07-04
708 175 9104,rcolebourn7m@google.com.br,96 Farragut Center,Kasakh,AM,2005-02-21,
197 427 8992,jcoulthart7n@kickstarter.com,46991 Manitowish Hill,Chust Shahri,UZ,2016-11-10,
520 167 4898,bsaer7o@list-manage.com,671 Dorton Alley,eMbalenhle,ZA,2007-03-07,
982 902 9853,hcropper7p@narod.ru,412 Forster Hill,Mendez-Nunez,PH,2004-11-17,2021-03-12
734 725 6502,santonescu7q@buzzfeed.com,1328 2nd Plaza,Guanghou,CN,2007-07-30,2006-01-26
333 518 6448,escampion7r@tmall.com,6 Eagan Way,Hakodate,JP,2015-07-03,2016-11-06
529 123 6643,dgiraldez7s@redcross.org,2784 Sachtjen Park,Paris 19,FR,2006-07-28,2022-02-01
898 707 8149,sdoy7t@squarespace.com,6 Vera Court,Amiens,FR,2005-09-20,2019-07-06
270 560 5018,jcejka7u@soundcloud.com,1 Ohio Trail,Huimin,CN,2012-09-08,
319 621 9221,bnaughton7v@ocn.ne.jp,2 Almo Street,Iowa City,US,2019-10-24,2014-01-07
487 837 4641,cilchenko7w@sohu.com,567 Fremont Point,Huangshi,CN,2016-10-16,2017-05-12
960 581 0215,dpiggin7x@tamu.edu,2524 Steensland Drive,Serra D'El Rei,PT,2010-04-11,
996 312 0560,dtropman7y@wordpress.org,5563 Raven Crossing,Wisla,PL,2023-11-04,2017-02-24
635 766 3274,atorrisi7z@apache.org,864 Emmet Road,Baita,CN,2018-01-16,2008-09-29
682 791 7163,mjanaud80@imgur.com,53110 Talisman Crossing,Ondores,PE,2020-04-02,2006-03-17
657 825 5484,ebulfoy81@360.cn,9517 Arkansas Terrace,La Romana,DO,2013-03-30,
181 725 4334,dgarlinge82@va.gov,67760 Sunnyside Way,Nay Pyi Taw,MM,2013-08-22,2011-01-12
669 309 7162,pmebes83@dailymail.co.uk,1 Commercial Place,Gyumri,AM,2009-07-14,
799 376 8271,fhartless84@intel.com,34764 Boyd Point,Geumpang,ID,2023-04-05,2004-11-21
905 537 8776,eruckman85@artisteer.com,985 Sunbrook Crossing,Vera,AR,2006-05-06,2021-02-25
629 504 3459,rverillo86@china.com.cn,53991 Donald Avenue,Agdzhabedy,AZ,2013-10-19,2014-05-20
175 820 5611,maguilar87@google.de,40871 Delaware Park,BahAwalnagar,PK,2014-08-05,2009-03-01
574 146 9719,drummer88@goo.gl,37205 Fieldstone Center,Stavanger,NO,2016-01-01,
311 264 4106,gferryman89@admin.ch,2 Morning Park,Shalya,RU,2007-01-08,
128 635 1479,rtivers8a@whitehouse.gov,31 Meadow Ridge Circle,Cibunut,ID,2014-02-23,
184 908 2271,dcolliver8b@hugedomains.com,72 Burrows Center,Kampungdesa,ID,2006-02-17,2006-01-16
110 947 3940,hrousel8c@cmu.edu,3 Clyde Gallagher Hill,Mobara,JP,2022-04-24,2009-03-04
637 990 8147,gclive8d@t-online.de,78 Fairview Circle,Aqtau,KZ,2008-07-03,2009-01-23
986 549 5245,bdumbreck8e@quantcast.com,3719 Commercial Parkway,Gulripshi,GE,2018-08-13,
604 841 5331,dmussotti8f@gnu.org,01926 Schmedeman Point,Qingzhou,CN,2008-08-14,2020-12-21
532 838 8821,ncheale8g@boston.com,21076 Fisk Court,Mariscala,UY,2013-12-29,2013-12-04
938 616 3287,nrobinson8h@amazon.co.uk,1322 Morningstar Way,Nandong,CN,2016-10-26,
477 628 3792,ohayer8i@princeton.edu,509 Washington Drive,Kotsyubynske,UA,2005-09-23,2016-09-22
571 666 8163,cparkinson8j@harvard.edu,18 Blackbird Point,Assiniboia,CA,2020-07-30,
489 350 1769,nfortnum8k@lycos.com,9395 Crest Line Junction,Banqiao,CN,2008-03-14,
434 940 3470,pcollomosse8l@bloglovin.com,29321 Londonderry Trail,Mafa,ID,2006-05-08,
637 745 6044,dgrolmann8m@google.de,4942 Heath Lane,Tiandu,CN,2006-09-15,
982 639 2120,bmackilpatrick8n@opera.com,98194 Katie Avenue,Balad,IQ,2021-11-01,2023-03-17
732 754 9518,ocavolini8o@go.com,467 Bluejay Terrace,Raduzhnyy,RU,2006-12-18,
274 594 5446,lbicheno8p@youku.com,6752 Londonderry Hill,Chengqiao,CN,2009-08-09,
100 189 5191,ocamel8q@webs.com,185 Paget Park,Engenho,PT,2018-06-29,2009-03-24
630 109 8659,alambart8r@omniture.com,51330 Merchant Way,Duas Igrejas,PT,2015-09-24,
689 655 4183,eklees8s@ezinearticles.com,30649 Melody Court,Khuan Don,TH,2007-10-22,
534 984 9335,eburtwhistle8t@oracle.com,694 Heath Trail,Shiniujiang,CN,2014-12-05,2023-04-28
184 566 3362,jfitzpatrick8u@un.org,708 Artisan Street,Bizhbulyak,RU,2013-11-14,
319 265 0110,wrapps8v@google.ca,61 Hooker Park,Linchen,CN,2016-02-13,
364 448 9029,tpizey8w@google.nl,980 Canary Alley,Pir jo Goth,PK,2020-03-26,2013-05-22
147 366 0816,dgamlin8x@princeton.edu,9164 Marquette Street,Katrineholm,SE,2007-04-16,
672 854 5312,broset8y@pen.io,254 Jackson Court,Sosnovoborsk,RU,2014-06-12,
247 137 5364,chutchin8z@cpanel.net,2137 Rutledge Circle,Port-Gentil,GA,2023-03-10,2023-06-20
850 911 4639,bjilkes90@tinypic.com,6 Twin Pines Place,Nifuboko,ID,2023-06-23,
440 855 7467,clongina91@ustream.tv,66267 Brown Circle,Shuitou,CN,2007-05-30,
185 447 9613,ipatriche92@reddit.com,3 Chinook Junction,Thi Tran Binh My,VN,2017-03-04,
708 645 7000,pbilsford93@weibo.com,413 Oak Court,Sopron,HU,2012-02-10,2004-10-31
935 726 8205,arentoul94@about.me,65615 Superior Point,Nantang,CN,2005-01-17,2009-05-30
878 258 9997,celgar95@bbc.co.uk,28024 Green Alley,Majie,CN,2013-01-24,2017-02-20
614 850 5733,kbranni96@ifeng.com,99934 Florence Junction,Columbus,US,2010-04-03,2014-12-28
723 901 4758,hflag97@bravesites.com,4 Steensland Street,Yingpu,CN,2007-07-12,2008-09-25
728 254 1229,rkedie98@cocolog-nifty.com,3 Dennis Place,Sopron,HU,2004-03-30,2013-07-08
633 925 3328,eleyband99@netvibes.com,0 Ramsey Court,Shentong,CN,2006-05-30,2009-09-15
885 322 9748,eworlidge9a@spotify.com,22164 Warbler Park,Enjiang,CN,2006-06-25,2023-09-23
745 203 8710,tredmond9b@furl.net,8488 Pankratz Point,Xiashu,CN,2004-05-14,2018-12-23
407 100 0189,mbaynon9c@wordpress.com,49818 Cascade Center,Campo Maior,PT,2012-08-29,2007-12-28
609 515 0805,cerricker9d@vk.com,369 Express Pass,Markusica,HR,2020-02-18,
421 978 6523,jenrico9e@free.fr,7830 Summer Ridge Terrace,Naikoten Dua,ID,2012-05-27,
652 386 1446,asirrell9f@telegraph.co.uk,8918 Lillian Way,Pondoktelo,ID,2008-08-29,2007-01-23
203 565 2608,umuncey9g@samsung.com,2 Longview Center,Shataping,CN,2019-12-12,2008-08-18
688 688 4224,glook9h@icq.com,151 Delladonna Terrace,Kulotino,RU,2013-09-13,
342 962 0400,fcollcutt9i@sina.com.cn,29 Ludington Point,Laval,FR,2013-01-04,
245 575 7054,mzuenelli9j@craigslist.org,6774 Dennis Hill,Kagawasan,PH,2021-02-25,
714 904 1079,kbelamy9k@narod.ru,8813 Summerview Avenue,Newport Beach,US,2022-03-18,2004-11-16
858 971 7663,pcrate9l@chronoengine.com,9 Eastlawn Alley,Riversdale,ZA,2010-04-15,
734 494 1438,rpickring9m@huffingtonpost.com,29 Sheridan Street,Rybnik,PL,2010-02-01,
767 951 5432,pwearden9n@mlb.com,9651 Bunting Street,Phra Phrom,TH,2007-11-09,
624 564 2794,fschleswigholstein9o@google.ca,3469 Del Sol Crossing,Yangjiao,CN,2007-02-23,
461 336 9922,cgeorgelin9p@drupal.org,7 Daystar Drive,Piastow,PL,2010-04-15,
285 776 6722,cfrodsham9q@globo.com,0 David Point,Kilkenny,IE,2008-03-14,2009-12-14
383 866 8709,dosmund9r@yelp.com,22955 Twin Pines Circle,Melissi,GR,2007-12-21,
505 356 7457,lfairnie9s@hexun.com,226 Toban Lane,Cajola,GT,2009-03-15,
531 781 9909,dandresser9t@bluehost.com,3376 Esch Drive,Yinping,CN,2013-12-18,2021-06-17
965 218 2622,iwallwork9u@webs.com,293 Helena Alley,Nalchik,RU,2017-10-06,2020-05-13
952 322 6210,phaslin9v@usnews.com,1874 Annamark Pass,Panji,ID,2017-11-05,2023-02-28
440 773 1971,mphette9w@who.int,00 Granby Junction,Pamplona,CO,2019-05-24,
236 182 8591,mtokley9x@elegantthemes.com,8666 Logan Hill,Lousa,PT,2009-05-09,2021-04-18
834 719 8515,bjessep9y@kickstarter.com,925 Rieder Road,Masaran,ID,2019-08-12,
292 940 8963,tludford9z@ibm.com,14358 Duke Avenue,Maintang,CN,2018-07-22,
719 440 2075,bcoultisha0@arstechnica.com,12 Center Center,Pakisaji,ID,2009-10-22,2006-10-17
268 435 2611,hdubbina1@devhub.com,3481 Messerschmidt Park,Hongwei,CN,2018-01-03,
549 355 8167,tkneela2@who.int,2444 Rigney Crossing,Krebet,ID,2020-08-16,2006-10-27
690 513 6597,tberthota3@istockphoto.com,8 Trailsway Parkway,Gotse Delchev,BG,2020-07-26,2016-05-18
351 134 6877,ekemera4@ibm.com,344 Graceland Parkway,Gose e Madhe,AL,2017-12-15,2007-04-13
679 351 0198,agaythora5@xrea.com,5393 Green Crossing,Daxin,CN,2017-04-12,
893 271 3930,wlygoea6@icq.com,031 Orin Center,Lakbok,ID,2004-08-23,2005-07-20
651 930 6380,bpalfreea7@scientificamerican.com,9971 Union Park,Shangma,CN,2023-05-29,
784 114 2233,sandryszczaka8@imgur.com,7 Menomonie Alley,Boundiali,CI,2018-12-23,
389 527 8982,cdraina9@wsj.com,2940 Shasta Road,Tours,FR,2009-03-08,2005-07-19
763 873 0424,hbelzaa@hubpages.com,7 Hagan Trail,Juranalas,ID,2016-02-25,
665 952 1994,dfaucettab@bizjournals.com,57 Loftsgordon Way,Xintian,CN,2007-03-09,2012-07-01
422 546 7967,wburtac@devhub.com,4 Randy Lane,Sasovo,RU,2007-04-22,2022-12-04
503 735 1659,cpondead@gov.uk,790 Spohn Crossing,Luhe,CN,2018-09-08,2020-10-01
685 732 6634,pkibbyae@dmoz.org,952 John Wall Avenue,Seltso,RU,2008-11-18,2015-03-20
215 188 7416,gevensdenaf@ask.com,4042 South Pass,Chambara,PE,2023-02-10,2007-11-29
162 354 1930,tmucklowag@macromedia.com,1 Autumn Leaf Hill,Wenheng,CN,2016-12-09,2014-03-12
867 494 7316,ebreckellah@istockphoto.com,42761 Butternut Plaza,Grebenskaya,RU,2014-07-20,2005-10-29
610 170 4157,rohartaganai@jugem.jp,8 Trailsway Trail,LuCina,CZ,2019-03-16,2014-12-08
390 566 3824,cellumaj@booking.com,2 Gale Hill,Albertville,FR,2004-10-13,2012-04-09
763 385 3688,bfaltskogak@cnet.com,103 High Crossing Way,Yeri,CY,2006-05-23,2021-11-23
337 765 4111,dcanadineal@github.io,33 Packers Pass,Takengon,ID,2006-02-22,2007-01-21
197 258 5812,kfontelam@aol.com,32708 Norway Maple Avenue,Pashkovskiy,RU,2018-10-17,2005-01-12
485 151 3321,klowsonan@surveymonkey.com,08 Continental Street,Thala,TN,2023-12-10,
960 244 6889,ttilbyao@addthis.com,65691 Johnson Pass,Krajan Gajahmati,ID,2005-07-02,2012-11-14
806 566 6436,bsulterap@mail.ru,16 Fair Oaks Point,Quan Hanh,VN,2023-11-20,2012-05-16
405 153 8231,nwinslettaq@a8.net,1325 Express Place,Banawang,PH,2006-07-06,2020-03-30
566 796 7798,jfitzjohnar@goodreads.com,55 Jenna Drive,Santiago de Subrrifana,PT,2012-07-27,2008-09-02
266 213 8501,rmiddleditchas@gizmodo.com,897 Bonner Street,Sundsvall,SE,2012-12-06,2014-08-25
367 616 3800,lblewittat@boston.com,9409 Victoria Drive,Renxian,CN,2017-02-19,
984 512 7706,smerryfieldau@goodreads.com,83 Oak Valley Junction,Pirava,MK,2020-10-08,
182 984 1134,acasemoreav@google.es,30775 Loftsgordon Pass,Emiliano Zapata,MX,2006-04-28,
893 163 1689,mgodainaw@adobe.com,228 Mandrake Circle,Puente Nacional,CO,2008-01-06,
913 665 8401,dmeesonax@chronoengine.com,20199 Rieder Pass,Villa Canas,AR,2004-04-24,
212 242 5615,zpullingeray@columbia.edu,46 Cardinal Crossing,Tanjung Raja,ID,2007-04-06,2023-03-08
350 757 7266,skamenaaz@dailymail.co.uk,92 Stang Avenue,Cangshan,CN,2007-05-13,
276 775 6854,gnewberyb0@tumblr.com,150 Esch Junction,Trzcinica,PL,2011-04-10,
951 475 0303,ascrippsb1@cpanel.net,4468 Jenifer Lane,Buesaco,CO,2006-07-14,2020-05-25
845 297 3061,shuettb2@ehow.com,5 2nd Park,Sanjiang,CN,2017-08-29,2023-09-15
155 802 7964,rlindlb3@fotki.com,1 Farragut Place,Mitake,JP,2020-11-06,2023-12-26
191 503 1657,mbaillieb4@newsvine.com,3988 Pierstorff Avenue,Konkwesso,NG,2006-12-07,2014-06-29
448 522 5368,dprydeb5@imgur.com,47228 Westport Point,Balagon,PH,2009-12-12,
221 520 4112,cgunb6@webs.com,4044 Laurel Junction,Semenivka,UA,2005-01-12,2013-05-10
150 199 8731,agerrellb7@ustream.tv,8708 Novick Parkway,CaCador,BR,2022-02-22,2013-04-06
806 898 1801,zroanb8@bbc.co.uk,7266 Walton Drive,Jablonne nad Orlici,CZ,2014-01-04,2012-05-12
358 784 1523,gpetofib9@cisco.com,2 Jenifer Plaza,Sitangkai,PH,2005-07-11,
558 776 8172,reddieba@yahoo.co.jp,197 Fallview Point,Angers,FR,2006-10-19,2022-03-22
339 222 7406,cmaturabb@un.org,4 Hintze Terrace,Goteborg,SE,2019-05-04,2022-07-24
822 868 9932,gbodemeaidbc@geocities.jp,29003 Kim Plaza,Krasnokholmskiy,RU,2006-01-26,2007-12-25
965 524 6456,csmeuinbd@marriott.com,28634 Kensington Circle,Kaeng Khro,TH,2005-07-07,
495 222 1505,pstorkbe@aboutads.info,716 Loomis Street,Cuauhtemoc,MX,2019-09-10,
187 881 9070,lolomanbf@xing.com,784 Esker Road,Vulcan,CA,2018-01-19,
432 290 6630,lrhulebg@devhub.com,6372 Mayfield Way,Solec-Zdroj,PL,2019-04-09,
946 466 6099,jtregidobh@livejournal.com,0 Stang Center,Carvalhais,PT,2021-06-22,2023-08-08
240 331 6958,vbottellbi@jugem.jp,54 Pawling Trail,Saguenay,CA,2018-03-12,
442 482 0494,khannibalbj@youku.com,9 Kings Circle,Baranoa,CO,2015-04-16,2011-12-13
217 349 9218,mdaviobk@cdc.gov,031 Del Mar Trail,Itubera,BR,2020-11-21,
866 108 4314,tfreeburnbl@nps.gov,76 Burning Wood Drive,Barrancas,CO,2016-06-14,
157 719 2901,amarusyakbm@tmall.com,30 Porter Court,Nyinqug,CN,2010-02-06,
554 772 9731,bkelcherbn@adobe.com,0141 Aberg Alley,Si Wilai,TH,2021-03-01,
252 416 1162,rarnaudonbo@rambler.ru,392 Jackson Terrace,Khalch,BY,2012-04-13,
949 968 4904,kstazikerbp@vistaprint.com,29575 Pine View Court,Las Lomas,PA,2008-05-16,2012-11-16
321 706 1257,bdiklebq@barnesandnoble.com,303 Superior Junction,Pasanggrahan,ID,2014-12-23,
988 189 7904,dcrebobr@eepurl.com,6 Derek Court,Khujand,TJ,2015-09-08,2016-06-03
618 367 6516,djerrandbs@howstuffworks.com,283 Sheridan Avenue,Kelasuri,GE,2014-09-08,
784 843 4746,brodnightbt@unicef.org,3 Parkside Crossing,Shuikou,CN,2018-12-21,
445 936 2619,ecastelowbu@hc360.com,32 Anthes Circle,Puncaksempur,ID,2008-07-17,2023-06-19
133 674 6310,fwolpertbv@deviantart.com,80268 Delladonna Plaza,Stubno,PL,2004-02-19,
126 510 5734,fredmainbw@pagesperso-orange.fr,5 Gulseth Park,Yuqian,CN,2005-04-14,2005-09-04
855 843 2869,vlorenbx@ucoz.ru,901 Haas Drive,Mammari,CY,2016-10-16,
898 648 4174,ggartrellby@usgs.gov,6714 Pepper Wood Crossing,Mizhhirya,UA,2021-03-29,2010-12-28
520 408 8329,lduffanbz@businesswire.com,833 Prairieview Lane,Sexmoan,PH,2011-09-18,2018-07-05
957 800 3792,cgalpinc0@shutterfly.com,23179 Fremont Place,Semarang,ID,2009-07-16,
658 579 2650,uhandasydec1@cafepress.com,76881 Derek Trail,Joaquin V. Gonzalez,AR,2007-12-15,2016-08-05
385 586 3279,ashortellc2@qq.com,6 International Center,PalhoCa,BR,2005-10-04,
422 975 4678,ggilluleyc3@vk.com,890 Garrison Street,Chau Thanh,VN,2008-07-12,
847 725 1909,csantelloc4@rambler.ru,7 Dakota Court,Chilly-Mazarin,FR,2023-09-03,2010-04-13
170 730 5049,mspellworthc5@house.gov,26 Mcbride Court,Bayt inun,PS,2013-12-26,2012-09-02
101 335 0996,awedmorec6@phpbb.com,39206 Hudson Trail,Carolina,PR,2013-12-11,
351 446 6804,msharkeyc7@homestead.com,44 Comanche Terrace,Meicheng,CN,2004-09-14,
425 496 4111,hfavillc8@gravatar.com,9671 Kenwood Crossing,Lardos,GR,2006-10-29,2015-11-06
783 786 3571,jkeyselc9@prweb.com,99644 Burning Wood Pass,Velykyy Klyuchiv,UA,2012-04-18,2023-01-24
603 267 1041,klonderca@topsy.com,8 Stoughton Place,Villazon,BO,2004-02-19,
513 200 1485,pballinghallcb@japanpost.jp,7549 Dapin Place,Bulembu,SZ,2020-12-04,2022-05-04
808 664 0066,lsweetlandcc@instagram.com,3 Tennyson Point,Dongguan,CN,2020-12-16,2010-04-12
637 560 6103,rsottellcd@netvibes.com,986 Riverside Alley,Huashixia,CN,2006-05-14,2024-01-23
120 252 2659,rfeldbergce@noaa.gov,91030 Arrowood Terrace,Sainte-Anne-des-Monts,CA,2009-02-04,
189 366 7107,fstringfellowcf@census.gov,31 North Park,Sapu Padidu,PH,2012-02-19,
538 508 3375,cbaggottcg@harvard.edu,60038 Kedzie Way,Corujeira,PT,2014-09-24,
619 884 0069,ssatterleech@amazonaws.com,4023 Jenna Center,La Paz Centro,NI,2004-03-05,2009-11-21
118 868 3730,ldansonci@sbwire.com,165 Center Alley,Xidianzi,CN,2016-01-08,2014-08-28
739 815 6784,mvynehallcj@about.me,17815 Iowa Junction,Buchanan,LR,2016-02-07,
363 888 9014,sgethynck@last.fm,521 Commercial Junction,Jingu,CN,2017-03-19,2011-06-22
382 976 0605,cfigurecl@hexun.com,944 Cody Junction,Kamina,CD,2007-02-16,2010-05-27
190 411 2634,sclampecm@simplemachines.org,219 Mockingbird Junction,Canmore,CA,2005-05-07,2020-08-21
649 533 1064,rfriedcn@blogger.com,9590 Moose Court,Monitos,CO,2022-09-02,
611 750 2520,pkissockco@prlog.org,90882 Knutson Parkway,Pochayiv,UA,2016-03-07,2004-02-01
489 706 9106,nsilvestoncp@dedecms.com,69 Pennsylvania Alley,Campo Alegre,BR,2012-11-09,2020-01-04
408 337 9319,rgreensetcq@joomla.org,698 Dryden Trail,Bralin,PL,2011-09-20,
981 539 1554,dbearsmorecr@comcast.net,91 Rockefeller Place,Yakymivka,UA,2018-02-27,
377 489 5691,cbaudichoncs@yellowbook.com,6 Jana Pass,Bitkine,TD,2021-08-09,2010-09-24
841 757 7141,glaundonct@technorati.com,60700 Emmet Crossing,Carleton Place,CA,2005-06-04,2015-04-25
213 959 1209,jjefferyscu@cbslocal.com,7 North Road,Las Yaras,PE,2013-07-27,2018-02-22
506 782 5156,nrookescv@who.int,5036 Maywood Crossing,Leninsk,RU,2024-01-11,
356 393 7794,lwiggettcw@usa.gov,7 Farragut Street,Pitogo,PH,2013-09-08,2021-03-10
209 237 0232,bfillancx@themeforest.net,858 Donald Drive,Yanmen,CN,2005-12-22,2006-04-02
770 237 1556,lleschellecy@people.com.cn,891 Lunder Terrace,Heka,CN,2007-09-22,2005-02-10
882 852 2763,mkirkecz@drupal.org,09 Russell Terrace,Ipoh,MY,2016-08-10,2016-11-03
916 562 9174,ltwoohyd0@tamu.edu,91566 Mosinee Alley,Qitan,CN,2015-07-16,2022-03-14
290 514 5624,rmatasovd1@mapquest.com,469 Buena Vista Center,Yunluo,CN,2014-09-30,2018-02-06
910 327 5831,cfoltind2@washingtonpost.com,83953 Lakeland Alley,Huaxijie,CN,2005-06-28,
145 491 8625,tmckennyd3@huffingtonpost.com,1077 Hudson Road,Ghaxaq,MT,2023-07-03,2022-08-22
303 745 6547,mgravenelld4@google.it,39 Twin Pines Circle,Fort Erie,CA,2011-03-20,
187 708 5645,rcleatond5@upenn.edu,3 Sunnyside Street,Bendo,ID,2007-09-28,2013-10-14
260 754 4986,rdecourcyd6@washingtonpost.com,919 Fisk Circle,Fort Wayne,US,2012-06-23,2007-12-11
479 545 3440,greefd7@histats.com,5229 Melby Center,Tranas,SE,2008-02-08,
629 828 8496,meagand8@sbwire.com,580 Park Meadow Hill,Xingshou,CN,2013-03-18,
674 531 4348,mbiddelld9@google.co.uk,117 Sullivan Road,Yarumela,HN,2017-01-06,2019-12-10
130 468 6055,lhowleyda@macromedia.com,25 3rd Way,Gluchow,PL,2004-11-19,
405 389 0075,jgoldingdb@businessinsider.com,41 Manufacturers Drive,Oklahoma City,US,2021-06-24,2013-01-05
568 753 8934,czealydc@last.fm,97479 Warrior Place,Semey,KZ,2019-03-29,
328 752 0652,phumbatchdd@msu.edu,708 Pankratz Junction,Dengzhou,CN,2013-10-22,2014-12-08
840 603 5415,drobkende@vinaora.com,0 Delladonna Plaza,Zhantang,CN,2018-08-11,2010-08-21
340 430 7009,iruggierodf@tmall.com,78966 Carpenter Parkway,Nova Paka,CZ,2020-09-29,
612 577 2352,ocalbertdg@opera.com,159 Schlimgen Road,Orleans,FR,2012-08-25,2013-03-30
734 588 7121,pbiglanddh@fc2.com,59446 Sutteridge Junction,Qumudi,CN,2007-08-28,
276 818 3785,emarneydi@seesaa.net,9225 Roxbury Way,Jiuzhou,CN,2011-07-09,2008-02-04
691 781 0772,hduntondj@simplemachines.org,2 Kedzie Pass,Tarko-Sale,RU,2014-10-18,
326 483 1466,fnenodk@fastcompany.com,7 Warrior Court,Lijiaping,CN,2015-08-19,
610 296 7886,cflynndl@ask.com,944 Susan Road,Varzea,PT,2009-05-20,
183 810 9152,dmathevondm@fotki.com,3 Nancy Parkway,Sibbo,FI,2022-01-06,
270 141 7729,ccollcuttdn@rambler.ru,0 Farmco Street,Ketawang,ID,2023-10-07,2023-03-04
708 993 1078,dkelloggdo@ask.com,2 Waywood Trail,Yug,RU,2015-08-14,
812 317 8706,acoronasdp@gov.uk,8798 Declaration Crossing,Huwei,CN,2010-02-18,2012-09-19
646 437 7834,jcorkettdq@slideshare.net,2263 Badeau Center,Az Zaytuniyah,PS,2013-03-17,2007-10-30
297 960 7548,sgladhilldr@live.com,0 Chinook Lane,Taiping,CN,2020-04-19,2005-09-14
540 791 7680,aalesbrookds@omniture.com,54 Warrior Parkway,Kondrovo,RU,2010-01-19,
918 967 4726,snashedt@globo.com,2 Sutteridge Plaza,Rodniki,RU,2016-01-06,2004-09-20
838 581 6725,mmckelveydu@netvibes.com,8330 Logan Way,Jinji,CN,2022-10-10,2013-09-14
758 111 2920,sjouanetdv@w3.org,50 Glendale Way,Kobrinskoye,RU,2017-12-16,
774 766 9218,dfennadw@so-net.ne.jp,43254 Loomis Avenue,Wangtuan,CN,2013-09-02,
185 987 4097,dandinodx@toplist.cz,599 Grim Hill,Halmstad,SE,2004-01-22,2015-10-06
278 411 1813,apaoluccidy@a8.net,73856 Hanover Plaza,Haibeitou,CN,2004-08-10,
338 743 0651,amcdermotdz@paypal.com,703 Golf Course Avenue,Sidaharja,ID,2005-02-04,
608 893 0871,dgotlinge0@google.fr,1 Chive Center,ohara,JP,2014-04-17,
828 613 9767,afelkine1@fema.gov,68725 Redwing Way,Quiches,PE,2018-01-31,
185 718 4076,slemasneye2@bandcamp.com,66496 Namekagon Trail,Nangewer,ID,2009-08-08,
963 838 4815,wcristofvaoe3@typepad.com,5 Independence Terrace,Qobustan,AZ,2023-02-21,
353 471 9238,rmintoe4@nsw.gov.au,7632 Lien Hill,Ciro Redondo,CU,2005-09-20,2004-11-24
253 719 0089,fjente5@census.gov,9 Calypso Park,Kembangkerang Lauk Timur,ID,2015-03-02,2019-01-24
598 239 7066,bdesouzae6@dot.gov,3991 Rockefeller Hill,Tursunzoda,TJ,2016-07-19,2021-12-07
455 208 4250,lhicke7@wunderground.com,50855 Maryland Road,Margabakti,ID,2004-06-18,
195 598 3338,mgatelande8@hugedomains.com,013 Dakota Alley,Shazhuang,CN,2010-11-27,2022-03-24
487 227 2857,saldine9@miitbeian.gov.cn,9260 Emmet Hill,Elliniko,GR,2019-07-31,
694 374 0765,cepiscopioea@flickr.com,938 Kennedy Place,KhorramAbAd,IR,2013-08-12,2011-07-04
559 545 3254,tgodaineb@comcast.net,08991 Grasskamp Junction,Mosar,BY,2013-10-04,2017-04-01
918 872 1402,dmccreaec@prnewswire.com,9 Forest Run Hill,Urayasu,JP,2008-11-08,2004-02-25
366 107 7659,hivashnyoved@phoca.cz,11476 Drewry Avenue,Nesterov,RU,2016-04-02,2018-01-09
174 586 4815,arobathamee@earthlink.net,2 Upham Parkway,Junin,PE,2013-01-20,2006-05-01
298 489 0830,cingoldef@behance.net,17959 Killdeer Plaza,Shchukino,RU,2018-05-14,2023-07-12
439 742 6795,dbroadheadeg@gnu.org,0936 Bluejay Center,Chenchang,CN,2024-01-14,2014-06-18
575 508 2620,rbozwardeh@newyorker.com,6 Oriole Trail,Lunenburg,CA,2013-11-23,
666 201 5894,gatterleyei@ameblo.jp,91140 Sycamore Pass,A Yun Pa,VN,2010-02-05,2015-05-27
450 272 9543,gflindersej@hatena.ne.jp,635 Claremont Trail,Sambopinggir,ID,2007-10-09,
222 421 5364,rspurdenek@soundcloud.com,04767 Leroy Center,Kasungu,MW,2013-09-17,
293 518 2371,svamplusel@businessinsider.com,43 Steensland Plaza,Auki,SB,2004-12-30,
671 493 6896,sconachieem@usda.gov,9 Sycamore Junction,Xiaojin,CN,2011-01-14,2023-04-14
451 139 5717,dizacenkoen@symantec.com,4036 Esch Park,Vannes,FR,2014-01-17,2011-03-21
867 949 0535,dwetherickeo@seesaa.net,84 Northview Avenue,Manaulanan,PH,2013-11-14,
385 784 1887,rsimeonsep@sogou.com,89447 Loeprich Junction,Bordeaux,FR,2016-08-31,2006-11-20
697 343 4629,mcorcoraneq@mozilla.com,12 Golf Lane,Caen,FR,2019-10-23,
189 886 2404,mshovelbottomer@infoseek.co.jp,33 Fieldstone Circle,Kastelli,GR,2022-01-15,
233 710 9637,odunthornes@nih.gov,12 Kensington Pass,Lancang,ID,2018-11-21,
770 712 6417,abrattanet@mtv.com,6213 Hoffman Way,Casal Galego,PT,2007-02-18,2006-03-24
305 899 4248,dgowerseu@nationalgeographic.com,37508 Kenwood Point,Sao Jose,BR,2007-07-06,2022-01-12
629 139 6735,aquenbyev@drupal.org,738 Meadow Vale Place,Banjar Pasekan,ID,2016-07-18,
901 609 6782,mmcphadenew@bloglovin.com,15124 Kennedy Alley,Changling,CN,2013-12-27,
307 881 1752,dmaccallesterex@bloomberg.com,57 Sherman Trail,Ulan Us,CN,2013-02-11,2012-08-08
719 823 3108,mmatusiakey@stanford.edu,85609 Pankratz Road,Russeifa,JO,2010-10-04,
282 592 2438,goshielez@bbb.org,50 Macpherson Pass,Chekhov,RU,2019-11-25,
723 495 9774,rdealtryf0@last.fm,36317 Manufacturers Road,Belanting,ID,2004-02-19,2010-10-16
772 155 2202,rlawelesf1@google.it,9539 Armistice Drive,Solkan,SI,2022-01-16,
269 887 2950,lantuschf2@senate.gov,54 Reinke Terrace,Novi seher,BA,2008-01-05,
457 824 7707,mcaveyf3@blogger.com,130 Pierstorff Circle,Ciseureuheun,ID,2018-09-16,
367 543 7944,fmockettf4@adobe.com,4 Anniversary Alley,Caimitillo,PA,2016-11-19,2013-03-05
993 511 2014,bfarrallf5@sbwire.com,580 Jenifer Place,Aitape,PG,2015-08-08,2005-10-26
653 663 5588,mmacleanf6@walmart.com,49147 Elmside Drive,Butel,MK,2005-03-01,
777 978 3016,spedrolf7@buzzfeed.com,4 Merrick Drive,Guiset East,PH,2015-10-08,2023-06-15
221 160 1208,jmckagf8@accuweather.com,4 Springview Court,Kuandian,CN,2023-10-29,2017-09-01
861 413 8733,tovizef9@newsvine.com,53 Onsgard Place,Silago,PH,2013-02-09,2018-05-18
387 589 0521,ebartomeufa@microsoft.com,31436 Glacier Hill Court,Buenavista,MX,2009-02-22,
237 823 9778,ccowillfb@behance.net,28342 Goodland Park,Malinaw,PH,2013-11-26,2012-07-09
490 413 3900,sritchmanfc@cocolog-nifty.com,3 Service Center,Ripky,UA,2006-02-17,2013-08-04
358 264 4619,rhartroppfd@businessinsider.com,70439 Nevada Place,ConceiCao do Araguaia,BR,2005-06-12,2023-04-15
706 217 2128,smurdochfe@blog.com,724 Forest Point,Phichit,TH,2013-12-21,2022-07-19
515 982 0190,scarcassff@state.tx.us,9416 Hazelcrest Hill,Rafaela,AR,2008-03-15,
976 369 1200,rclistfg@goo.ne.jp,560 Ludington Parkway,Guanzhou,CN,2018-10-18,2006-04-16
134 353 9114,ifidginfh@europa.eu,2748 Lindbergh Circle,Labog,PH,2023-02-23,2022-07-26
535 462 0044,smacnucatorfi@multiply.com,8781 Little Fleur Road,Byst,CZ,2012-03-03,
405 326 3047,edysertfj@spiegel.de,63 Norway Maple Junction,Dingchang,CN,2018-09-06,
630 206 2060,lrudsdalefk@msn.com,7520 Service Junction,Artimet,AM,2009-02-02,2018-09-30
482 410 1318,cbaniardfl@msu.edu,90 Alpine Junction,Hutou,CN,2004-11-23,
377 462 3511,rbakeyfm@pinterest.com,80898 Bay Place,Sanyang,CN,2010-07-15,2018-10-10
846 241 4227,qfelminghamfn@gov.uk,144 Randy Road,Ubate,CO,2005-05-25,2019-06-06
346 319 9010,fbornefo@businesswire.com,8960 Haas Drive,Xilanqi,CN,2004-06-26,2023-02-05
642 911 0609,blarrowayfp@prweb.com,0 Hagan Lane,Bolinao,PH,2023-11-28,
105 195 0257,lyankovfq@privacy.gov.au,52 Anniversary Plaza,San Julian,PH,2016-11-05,
630 647 8027,rlambolfr@blogspot.com,65164 Arkansas Alley,Shuangqiao,CN,2015-11-13,2018-11-15
966 356 1623,inonifs@jigsy.com,32 Bunting Drive,Zhendong,CN,2010-12-24,
950 611 6712,kshafierft@joomla.org,217 Basil Place,Luar,ID,2010-10-28,2017-09-13
295 843 3502,pferrolifu@bing.com,2046 Elgar Trail,Fucheng,CN,2011-08-12,
533 614 2140,tdeatonfv@wikia.com,33406 Bunting Trail,Toulon,FR,2009-11-01,2019-07-11
737 583 2780,sprodrickfw@amazon.co.uk,7 Talisman Park,Liyuan,CN,2006-07-02,
494 726 0363,gdemitrisfx@list-manage.com,7088 Melrose Street,Lluidas Vale,JM,2019-04-09,2015-07-06
514 502 4698,nantoniuttify@studiopress.com,753 Jay Way,Udon Thani,TH,2017-02-03,2004-09-11
131 832 4116,bmacmaykinfz@state.tx.us,69 Mifflin Circle,Gort,IE,2011-07-23,
573 426 1923,bkrahlg0@vk.com,53144 Eggendart Park,Pagak,ID,2015-01-23,
594 700 9480,rvickarg1@ow.ly,607 Summer Ridge Parkway,Yanac,PE,2015-05-03,2005-03-04
694 362 4297,cevangelinosg2@weather.com,3531 Havey Terrace,Hidalgo,MX,2019-05-31,
218 369 9425,jtetleyg3@berkeley.edu,766 Harbort Pass,Xitiangezhuang,CN,2023-03-12,2018-10-13
559 409 5491,rklieslg4@paypal.com,7 Pearson Plaza,Gardutanjak,ID,2017-05-03,
178 329 7010,otipplerg5@tinyurl.com,7378 Lukken Avenue,Ketanen,ID,2023-04-05,
550 412 5103,crobleyg6@china.com.cn,72660 Springs Lane,Xinhang,CN,2008-07-07,2011-02-01
136 174 2510,aspeeding7@nsw.gov.au,0 Manufacturers Hill,Alegre,BR,2017-08-05,2009-10-13
881 993 6429,lgottsg8@mac.com,9 Quincy Way,Kaolinovo,BG,2007-11-12,2017-10-15
484 536 8293,vhalahang9@jugem.jp,83 Glacier Hill Parkway,Ngrejo,ID,2022-06-17,
639 767 1614,aaroninga@aol.com,5830 Fisk Avenue,Bogi,ID,2016-03-18,2019-01-08
867 741 8931,hmcguinnessgb@yahoo.co.jp,714 Dennis Street,Xiaosong,CN,2008-11-20,2017-08-30
838 305 2745,pjacobowitsgc@pen.io,05 Westridge Alley,Kota Kinabalu,MY,2009-03-31,
669 270 2453,jhindgegd@washington.edu,31 Randy Place,Denglong,CN,2022-02-10,2011-01-17
781 771 4983,tbinsteadge@jimdo.com,6539 Bellgrove Alley,Jargalant,MN,2021-09-08,2005-07-06
173 804 4938,fduiguidgf@vistaprint.com,07 Londonderry Avenue,Maseru,LS,2012-04-04,
459 547 6173,sackermangg@jigsy.com,456 Scoville Hill,Banjar Dauhpangkung,ID,2009-09-26,2016-07-19
601 656 9458,dtrangmargh@oaic.gov.au,43 Eliot Court,Bollene,FR,2020-07-13,
283 571 9019,panmoregi@ehow.com,1 Fairview Trail,Pankovka,RU,2004-10-28,2013-01-09
491 908 6643,mvoiseygj@admin.ch,62 Cottonwood Center,Az Zawr,KW,2014-08-24,2016-12-03
612 852 9830,kdockwraygk@cargocollective.com,0509 1st Street,Shisui,JP,2018-06-06,
915 868 7697,wdaviddegl@friendfeed.com,4475 Lien Pass,El Paso,US,2018-06-26,2022-08-11
587 711 0590,kmarleygm@tuttocitta.it,9 Shoshone Circle,Sangiang,ID,2004-04-29,
221 361 2312,bwyllcocksgn@nyu.edu,45 Knutson Hill,Ostaszewo,PL,2016-03-27,2007-08-10
346 986 4112,gsellorgo@boston.com,1 Oak Valley Point,Carvalhal,PT,2021-11-26,
302 655 9722,wkenewellgp@bloglovin.com,7 Erie Point,Wilmington,US,2014-10-18,2006-02-18
337 675 5119,rproutgq@mtv.com,7 Killdeer Court,Morteros,AR,2008-06-07,2009-02-19
727 746 7795,tjackmangr@forbes.com,4 Glacier Hill Junction,Comandante Luis Piedra Buena,AR,2015-10-28,2012-03-04
955 817 8722,mjelfgs@sohu.com,7 Granby Crossing,Al Kittah,JO,2018-09-06,
369 922 5396,gkubistagt@foxnews.com,8 Butterfield Crossing,La Esperanza,MX,2018-08-01,
784 333 8092,drippongu@cafepress.com,99809 Almo Park,Houxixi,CN,2007-08-17,
812 566 5928,awornumgv@ezinearticles.com,6037 Mallory Road,Zhuao,CN,2011-03-16,2021-08-28
362 362 0233,cgiovannonigw@arstechnica.com,10804 Gerald Plaza,Breda,NL,2015-01-21,
574 113 6028,ytyronegx@boston.com,14316 Gale Place,Aix-en-Provence,FR,2017-11-20,2015-09-17
604 869 7557,slefevergy@psu.edu,55 Mitchell Avenue,Botoh,ID,2019-12-22,2004-04-13
452 125 7484,shardcastlegz@oracle.com,35 Cottonwood Way,Ubay,PH,2017-12-09,2018-09-26
231 670 7928,lidellh0@springer.com,63 Merrick Street,Ronggui,CN,2015-03-21,
353 383 5370,hmanuaudh1@cmu.edu,16104 Ilene Parkway,Bakxanov,AZ,2023-07-30,2009-08-22
279 760 9043,cgallandersh2@yellowbook.com,8 Monica Trail,Steinkjer,NO,2017-10-21,
346 958 4541,rwrightsonh3@latimes.com,333 Mockingbird Alley,Buenos Aires,MX,2013-01-17,2006-02-11
137 958 0664,aapplinh4@surveymonkey.com,5 Schurz Alley,Otuke,UG,2020-03-11,2005-12-04
754 974 6077,dmorfordh5@loc.gov,2594 Shopko Avenue,Hinthada,MM,2006-11-26,
816 501 7767,bhorburghh6@chron.com,894 Briar Crest Avenue,Wakuya,JP,2010-07-10,
191 910 9754,amyhillh7@yahoo.com,916 Prairieview Lane,Zielonki,PL,2020-01-01,2012-01-20
266 974 1838,ahaggithh8@com.com,7083 Thackeray Crossing,Jinniu,CN,2012-08-03,2021-10-30
473 622 4970,tblasioh9@artisteer.com,583 Village Green Circle,Al Qatif,SA,2013-04-22,2019-10-28
806 610 9498,vseebertha@eepurl.com,02 Moland Plaza,Dhanot,PK,2013-10-08,2020-07-22
705 665 0262,bclorleyhb@hp.com,6 Logan Drive,Timashevsk,RU,2016-12-22,2012-08-11
485 586 6561,rscatchardhc@businessinsider.com,95 Porter Point,Pampa Hermosa,PE,2016-03-01,2007-11-08
481 490 9721,mkinceyhd@tiny.cc,5 Stone Corner Crossing,Sangallaya,PE,2005-04-02,
117 127 7813,gmacknockerhe@pen.io,1732 Springs Pass,Pasar Kidul,ID,2023-04-28,
962 650 2034,amccarlyhf@about.com,897 Namekagon Circle,Chigorodo,CO,2022-11-18,
771 557 0834,obaintonhg@vkontakte.ru,351 Packers Terrace,Nizhniy Ufaley,RU,2023-10-04,2012-08-24
181 582 4234,pzorzinihh@issuu.com,7 Hooker Avenue,Gvozd,HR,2006-06-26,
260 115 7497,rcolebournhi@cornell.edu,117 Forest Alley,Vabalninkas,LT,2007-11-16,2008-11-01
471 660 2507,aerskinehj@msu.edu,3 Lerdahl Alley,Kokopo,PG,2006-02-20,2004-09-16
195 951 4828,cmilmithhk@thetimes.co.uk,05989 Veith Circle,Jiuxian,CN,2005-11-13,2015-05-16
834 325 5986,mbottehl@t-online.de,6988 Division Road,Banjar Sembunggede,ID,2004-12-07,
403 226 1757,tfrimanhm@usda.gov,07 Pleasure Plaza,Oslo,NO,2006-06-29,
114 477 3495,wlangcasterhn@loc.gov,8 Nevada Place,Borovany,CZ,2018-05-09,2009-11-28
688 864 7679,ymangeonho@devhub.com,4 Vidon Terrace,Shancheng,CN,2011-09-30,2004-08-08
921 682 1440,bdotsonhp@fotki.com,1631 Montana Way,Pyrgetos,GR,2014-01-04,2021-04-29
771 973 8334,mtoozehq@jiathis.com,503 Old Gate Street,Toubao,CN,2014-09-07,2004-05-24
123 244 9638,ccheevershr@spiegel.de,426 Bellgrove Parkway,Kotovsk,RU,2022-10-18,2015-07-08
655 516 5805,bthornshs@umn.edu,755 Michigan Point,Duverge,DO,2006-11-04,2016-09-01
513 531 9131,aregorzht@nature.com,5571 Arizona Junction,Puget-sur-Argens,FR,2019-02-22,2016-02-27
667 651 3314,jcuttlerhu@weebly.com,43230 Weeping Birch Trail,Curuzu Cuatia,AR,2015-07-07,2019-09-25
386 169 0752,bhaslegravehv@wufoo.com,75259 Utah Lane,Saint-Remy-de-Provence,FR,2013-06-29,
308 317 3383,dbrichamhw@about.me,100 Grayhawk Park,Monte Santo de Minas,BR,2013-01-08,2015-04-04
870 310 1697,icouronnehx@nasa.gov,9 Northport Circle,San Agustin,PH,2007-03-25,
322 592 9997,bstreethy@blogtalkradio.com,654 Helena Trail,Moussoro,TD,2011-12-12,
977 684 5619,afilyashinhz@eventbrite.com,10717 Orin Park,Atalaia,PT,2005-10-27,2018-07-05
675 363 0161,cwalfordi0@vimeo.com,420 Bay Alley,Niigata-shi,JP,2004-07-09,2011-09-10
156 720 0193,ssegeri1@google.de,5 Sauthoff Avenue,Si Racha,TH,2020-12-25,
979 737 8721,jwickeni2@opensource.org,898 Lyons Circle,Pellegrini,AR,2018-01-11,2008-02-03
289 288 3227,efogartyi3@github.com,6 Forest Dale Alley,Vallingby,SE,2005-12-08,2019-03-01
205 548 2179,agoedei4@booking.com,7 Anhalt Lane,Padangguci,ID,2011-04-12,2021-07-19
768 891 5237,cmuffini5@php.net,18745 Melrose Crossing,Frisange,LU,2021-09-08,2012-09-02
387 984 5871,bmichiei6@toplist.cz,00 Talmadge Park,Casal Novo,PT,2012-06-21,2010-02-21
232 145 1329,fmckeadyi7@europa.eu,897 Kipling Junction,Sheshory,UA,2004-12-29,2005-10-01
167 120 5401,amcilherani8@yellowbook.com,61228 Calypso Park,Prilep,XK,2016-05-07,2020-10-19
147 592 2556,dmockfordi9@acquirethisname.com,79 Park Meadow Road,Qingyun,CN,2021-05-19,2007-05-08
503 779 9040,tviccaryia@tripadvisor.com,43 Cascade Circle,Kronoby,FI,2013-10-07,2010-11-13
488 317 1334,mnorthillib@msu.edu,4485 Arapahoe Park,Dampit Satu,ID,2009-06-01,2022-04-26
916 655 2589,mbartelsellisic@1und1.de,66069 Pearson Center,Kalymnos,GR,2016-04-17,2023-08-31
545 153 0308,darnaldiid@fastcompany.com,9213 Donald Trail,Sukoanyar,ID,2006-12-29,2004-04-07
483 438 6077,rbaressie@java.com,6 Anzinger Park,Dumbea,NC,2009-07-27,
422 269 3666,lcaneroif@drupal.org,4503 Lukken Hill,Piranshahr,IR,2015-06-24,
720 411 2372,kgaytherig@google.ca,46923 Grover Alley,San Sebastian,MX,2010-02-03,2007-05-27
776 512 4559,thefferanih@smh.com.au,1 Drewry Trail,Sumeng,CN,2006-03-04,2020-03-30
513 553 3471,atoeii@gnu.org,3509 Trailsway Circle,Wenqiao,CN,2005-01-09,
701 783 9747,ehaylandsij@tripod.com,41 Crownhardt Way,Mingelchaur,AZ,2012-01-20,
284 428 7573,eandraschik@pinterest.com,3 Melrose Parkway,Guanaja,HN,2008-09-26,
842 350 9846,tasletil@wordpress.org,564 Morning Drive,Xintian,CN,2005-03-13,
528 522 4765,rbaglinim@hao123.com,20 Elka Crossing,Rrasa e Siperme,AL,2017-05-26,
301 484 9523,lmackeoghin@google.fr,82184 Johnson Lane,Piritiba,BR,2013-09-17,2021-08-08
909 640 4699,candrioliio@t.co,492 Birchwood Lane,Avia Terai,AR,2014-05-20,
559 903 8291,cbillingsip@jugem.jp,38 Cody Point,Heralec,CZ,2021-03-05,2018-07-12
655 953 0455,aswindelliq@tmall.com,849 Sage Crossing,Okahandja,NA,2021-01-03,2004-08-05
469 648 8315,yjacobiir@utexas.edu,2 Portage Alley,Cerete,CO,2008-07-25,
703 387 3762,mcathelis@chronoengine.com,1 Kings Road,Triwil,ID,2007-02-28,2022-11-16
482 928 7406,mlyenyngit@arstechnica.com,4159 Merry Way,Tirhanimne,MA,2006-05-19,2011-04-11
705 855 2795,lpardoniu@wsj.com,203 Sundown Court,Zwolle,NL,2022-06-05,2004-04-05
425 655 3298,vcarliv@yahoo.com,14717 Northwestern Point,Kryvichy,BY,2009-04-28,
382 266 9856,pmaccambridgeiw@reverbnation.com,82 Brown Center,LUjiabao,CN,2005-01-17,2018-06-03
977 127 7292,adensunix@princeton.edu,462 Artisan Plaza,Gjinoc,XK,2014-11-04,
597 230 1534,fdashkoviy@123-reg.co.uk,3 Stuart Place,Armopa,ID,2020-02-07,2023-11-01
239 432 0417,hpolamontayneiz@berkeley.edu,52 Elmside Parkway,Santa Lucia,PH,2013-04-27,2007-07-13
827 524 7608,apiggottj0@cafepress.com,6497 Nelson Circle,Panxi,CN,2004-12-25,2020-08-24
950 759 1403,abramstomj1@cisco.com,00213 Dexter Pass,Mayahi,NE,2009-05-04,2021-09-08
568 109 4962,dilemj2@constantcontact.com,65 Farragut Hill,Urung,ID,2011-06-27,
355 718 7778,dpalethorpej3@google.ca,1067 Northwestern Street,Shaghat,AM,2015-02-12,2016-06-25
931 707 0358,sbannisterj4@dailymail.co.uk,138 Sundown Trail,Skene,SE,2015-08-09,
340 503 2113,ggoodingj5@bravesites.com,06 Knutson Hill,Nova Russas,BR,2006-10-13,2017-08-18
137 692 7504,rguestj6@wikimedia.org,7 Hanover Pass,Liujiachang,CN,2009-02-01,2023-04-23
769 929 3918,emenichinoj7@usatoday.com,55821 Northridge Street,Vila de Rei,PT,2014-08-27,
971 955 2400,pdenneyj8@over-blog.com,649 Bartillon Point,Umea,SE,2020-09-22,2008-12-19
839 561 6774,lbrickellj9@reuters.com,524 Tomscot Trail,Chejiazhuang,CN,2015-07-21,
748 908 2338,agooderja@weebly.com,2 Hoard Terrace,Marale,HN,2020-07-21,2016-12-15
712 986 6630,ralexsandrowiczjb@simplemachines.org,473 Amoth Court,Blonie,PL,2017-05-25,
277 313 8864,ccollyjc@photobucket.com,23920 Rockefeller Hill,Ciervo Petiso,AR,2006-04-23,
854 425 3746,gnorhenyjd@reuters.com,39407 Anhalt Road,Tarxien,MT,2007-08-25,
513 195 0172,selsieje@github.io,6724 Melvin Place,Jerez,GT,2014-02-27,2019-09-07
250 133 1411,ojacobowitzjf@cnet.com,21 Porter Plaza,Caen,FR,2014-01-28,2004-04-02
634 317 0697,cdunfordjg@myspace.com,5839 Tony Pass,Chenyangzhai,CN,2021-11-28,
652 273 9312,chaberfieldjh@amazon.de,894 Mallory Junction,Kiryu,JP,2018-02-12,2016-04-15
845 320 8115,kmillwaterji@yolasite.com,65623 Maryland Lane,Borlange,SE,2015-05-19,
388 763 4356,dhackingjj@virginia.edu,530 Lakewood Gardens Lane,Rokiciny,PL,2010-10-26,
502 518 2265,mdinjesjk@tamu.edu,43 Morningstar Pass,Frankfort,US,2006-09-10,2022-03-26
831 338 4300,amacneicejl@yandex.ru,56457 Grover Place,Tabia,MA,2012-07-11,2020-07-16
195 248 1072,rpittfordjm@illinois.edu,2673 Park Meadow Hill,Honglu,CN,2017-02-10,2019-01-27
298 950 0847,tdeamerjn@jigsy.com,8 Crescent Oaks Trail,Tower,IE,2005-07-06,
839 237 0052,tpetronisjo@kickstarter.com,90 Arkansas Crossing,Zhangguanying,CN,2013-09-16,
789 660 9327,yfulleylovejp@netvibes.com,026 Weeping Birch Point,Dire Dawa,ET,2022-11-29,2019-01-22
847 684 9052,jswaynejq@bbc.co.uk,45143 Rigney Drive,AnAr Darah,AF,2015-11-11,2006-02-11
932 547 4855,tchatelotjr@msn.com,7107 Twin Pines Street,Binh Thuy,VN,2010-09-18,2023-12-21
580 210 5197,gmarchandjs@gnu.org,56017 Loftsgordon Junction,Mushie,CD,2020-03-12,
739 848 1138,dwallentinjt@nydailynews.com,96484 John Wall Circle,Biankouma,CI,2010-10-31,
438 906 3305,gbarrusju@bbc.co.uk,6 Gale Trail,Xingtai,CN,2021-06-24,2008-10-12
153 593 2550,mspilsburiejv@diigo.com,58117 Roxbury Pass,Nao Me Toque,BR,2004-10-29,2007-10-24
725 269 0805,vdymottjw@istockphoto.com,6 Twin Pines Hill,Vallingby,SE,2019-11-26,2008-03-17
923 411 3222,dryejx@eventbrite.com,7014 Independence Trail,Mijiang,CN,2008-07-11,2007-06-21
219 989 4922,hfolkerjy@biblegateway.com,81 Cardinal Avenue,Thanh Ba,VN,2022-08-31,2004-02-18
469 411 2893,hcalkinjz@cloudflare.com,63366 School Junction,Bugojno,BA,2022-05-14,2016-09-16
832 129 8131,todreaink0@oaic.gov.au,13 Dwight Lane,Dayou,CN,2013-12-26,2017-05-08
637 102 5066,lflemmingk1@issuu.com,3 Merrick Hill,Jonkoping,SE,2011-06-08,2018-05-13
649 487 6202,dsneppk2@prweb.com,180 Paget Way,Zhonghuopu,CN,2007-11-20,2005-06-12
996 473 2717,ojohnssonk3@phpbb.com,44888 Clove Alley,Vysokogornyy,RU,2005-05-25,2011-06-23
693 976 5704,tfarrimondk4@ihg.com,799 Reindahl Crossing,Lidu,CN,2017-06-28,
258 123 0885,hspaughtonk5@domainmarket.com,7883 Westend Junction,Canoinhas,BR,2004-07-11,2009-10-25
643 277 7350,bskirlingk6@plala.or.jp,99 Prairie Rose Hill,Darong,CN,2018-11-23,2013-03-01
837 250 0529,wgranek7@trellian.com,8813 Sommers Road,Cinunjang,ID,2010-03-31,2006-04-09
825 987 4062,pnipperk8@aol.com,86 Stone Corner Circle,Zselickislak,HU,2006-09-26,2007-03-09
135 986 0104,fbolamk9@oracle.com,15092 Delaware Court,Fort Smith,CA,2023-10-12,
277 953 4437,cjanskyka@prnewswire.com,20 Pierstorff Road,Benito Juarez,MX,2022-01-02,
135 272 3151,jfanshawkb@msn.com,22 Bobwhite Trail,Pelabuhan Dagang,ID,2020-09-07,
673 734 7070,jfyshkc@amazon.co.uk,97823 Columbus Alley,Matalam,PH,2009-06-09,2015-05-16
562 675 0752,cetiennekd@army.mil,3 Novick Avenue,Magok,ID,2005-01-16,
918 238 2771,kbamlettke@wunderground.com,966 Morningstar Place,Rennes,FR,2005-02-07,2021-09-10
117 384 4235,dcolreinkf@goo.gl,47826 Roth Drive,Karatau,KZ,2018-06-20,2007-09-21
480 605 3584,battenbarrowkg@telegraph.co.uk,51186 Muir Terrace,Jedung,ID,2019-02-25,
332 893 8588,glamberteschikh@cbslocal.com,485 Butternut Circle,Grebnevo,RU,2022-05-13,
927 537 4586,mjolleyki@google.co.uk,6971 Kensington Trail,Agarsin,CN,2021-05-14,2011-02-23
954 322 3371,wnormankj@baidu.com,361 Stephen Park,Wasilkow,PL,2014-12-16,
137 426 4714,ajelfkk@delicious.com,3 Comanche Trail,Bondoboghila,ID,2006-11-25,2011-04-22
712 280 5586,vwinklesskl@state.gov,4366 Upham Point,Krajan Dua Patempuran,ID,2010-11-24,
152 523 6242,cridsdalekm@hibu.com,300 Barby Street,Clarines,VE,2011-10-22,2013-09-23
838 469 2151,kchalleskn@live.com,358 Magdeline Plaza,Kuanping,CN,2009-11-01,2017-07-19
457 802 9336,gchippko@issuu.com,45 Hoepker Alley,Hashtpar,IR,2017-10-15,
893 459 2698,crobbkp@flickr.com,47 American Ash Circle,Sanqishi,CN,2014-02-20,
115 407 6491,rsprigingskq@nyu.edu,413 Elmside Center,Semiletka,RU,2019-07-20,
185 686 6328,bfihellykr@bloglines.com,71010 Fairview Pass,Xarsingma,CN,2018-12-30,2010-12-23
916 442 5312,jskowcraftks@walmart.com,1 Westridge Avenue,Miasskoye,RU,2006-02-24,
636 754 5897,ddaykt@pbs.org,6406 Ryan Pass,Imeni Tsyurupy,RU,2004-07-13,
720 885 1490,liscowitzku@instagram.com,455 Orin Way,Surin,TH,2017-01-30,2023-11-22
868 512 3426,ydurniankv@liveinternet.ru,5619 Delladonna Point,Cibolang,ID,2013-11-07,
351 230 8660,asonscheinkw@google.com.br,96 Lukken Avenue,Colima,CR,2006-02-15,
192 963 6909,hhouseleekx@t.co,97 Blackbird Circle,Hashtpar,IR,2019-11-03,
340 443 2885,aspencleyky@ebay.com,815 Bonner Center,Jiaoxie,CN,2010-12-09,2016-07-11
997 758 7909,wfetherbykz@epa.gov,0677 Carey Park,Jarfalla,SE,2006-02-21,2016-12-06
627 693 6756,klarretl0@bluehost.com,5291 Garrison Parkway,Klapagading,ID,2011-07-26,
987 506 8055,aheinschkel1@howstuffworks.com,69 Jana Crossing,Hongzhou,CN,2015-01-18,
880 388 7284,hwhiskinl2@lycos.com,27 Hauk Park,Porto Barra do Ivinheima,BR,2021-03-21,2020-09-21
760 122 0075,bleistl3@accuweather.com,0 Warner Way,Huya,CN,2012-04-07,
412 238 7749,fjonasl4@desdev.cn,72063 Towne Alley,Mandapajaya,ID,2006-05-12,2006-07-29
893 840 7430,dkingswoodel5@geocities.jp,29 Susan Hill,Australia Square,AU,2006-11-14,
192 291 0936,scrainl6@phoca.cz,4029 La Follette Way,Lewograran,ID,2020-04-15,2014-03-31
157 293 8381,rbleacherl7@meetup.com,93747 Emmet Way,Rongcheng,CN,2008-06-16,
134 985 1358,achasierl8@eventbrite.com,7325 Waywood Street,agua Levada,PT,2013-08-29,
504 146 6009,kclubleyl9@mapy.cz,95345 Sugar Court,New Orleans,US,2020-01-02,
327 531 6044,bdictyla@dailymail.co.uk,8775 Warrior Lane,Safakulevo,RU,2022-07-22,2010-09-30
778 415 6481,hmcffadenlb@aol.com,4774 Farragut Point,Prey Veng,KH,2011-01-10,2006-05-31
770 710 0429,ndeveroselc@imageshack.us,35 Arapahoe Pass,Jonkowo,PL,2010-07-01,2008-01-21
652 288 0878,zbutterworthld@latimes.com,36811 Oxford Circle,Sandgeroi,IS,2012-01-29,
290 241 3511,hpomeroyle@foxnews.com,6462 Clove Alley,Binh Thuy,VN,2023-05-08,
588 625 8339,ewooldridgelf@stanford.edu,041 Nancy Way,Balyqshy,KZ,2023-03-28,
277 542 1900,fjaggerslg@gmpg.org,644 Kennedy Point,Koltushi,RU,2012-11-28,2008-01-22
989 210 5498,abinderlh@mediafire.com,771 Hoepker Pass,Pedro Betancourt,CU,2009-04-04,2022-07-23
762 853 4028,nwyeldli@naver.com,80 Briar Crest Trail,Si Satchanalai,TH,2009-09-12,
383 662 3306,abartholinlj@discuz.net,0243 New Castle Junction,Postojna,SI,2006-03-28,
732 842 4908,pyurchishinlk@ustream.tv,35 Esch Alley,Kijang,KR,2023-11-25,2012-07-13
774 116 6586,nswancockll@twitpic.com,94 Glacier Hill Pass,Veseli nad Moravou,CZ,2018-09-03,2017-06-22
998 292 6344,egemnettlm@aboutads.info,7899 Hovde Park,Wushan,CN,2017-08-15,2008-12-14
946 880 0606,garlettln@acquirethisname.com,035 Crest Line Court,Wakefield,JM,2019-06-20,2018-04-16
832 912 2259,ipetolo@51.la,2 Surrey Road,Bulungur,UZ,2021-07-29,2021-01-11
178 251 3003,dhearonlp@twitpic.com,54 7th Court,Burujul,ID,2011-06-21,2020-07-27
276 669 4499,gchelsomlq@eepurl.com,4633 Westerfield Way,Emiliano Zapata,MX,2014-03-11,2008-10-01
653 940 8065,dleckeylr@lycos.com,15594 Hollow Ridge Parkway,Suchan,PL,2011-11-23,
554 831 5363,rbreissanls@domainmarket.com,5948 Summer Ridge Parkway,Estancia Velha,BR,2008-01-09,
536 921 2231,bchalonerlt@virginia.edu,64 Esker Parkway,Minggang,CN,2023-06-26,
550 331 2520,rtremellierlu@twitpic.com,234 Armistice Crossing,Krajan Bejagung,ID,2021-03-22,2016-10-20
805 158 6425,johenerylv@telegraph.co.uk,75 Browning Point,Bakersfield,US,2009-05-31,2023-09-26
691 610 9153,afanshawelw@bigcartel.com,2 Fuller Parkway,Kamieniec Wroclawski,PL,2024-01-17,
585 981 6650,gjeppensenlx@paypal.com,28 Graedel Court,Albania,CO,2012-05-15,2016-11-09
555 504 2817,lscophamly@goodreads.com,3 Weeping Birch Alley,Lai Cach,VN,2012-10-04,2013-04-13
281 200 9496,lgeorgievlz@drupal.org,83880 Clove Street,Zili,CN,2013-08-01,2011-08-18
805 898 0568,sfoulserm0@baidu.com,072 3rd Avenue,Isfara,TJ,2022-10-12,2011-12-26
474 695 1857,shambatchm1@washingtonpost.com,86 Upham Avenue,Margamukti,ID,2023-03-18,
286 507 1708,wlalleym2@nsw.gov.au,994 Killdeer Pass,Hailin,CN,2005-10-19,2013-11-14
569 393 2316,ebaurerichm3@slashdot.org,100 7th Pass,Mbale,KE,2011-04-05,2020-01-08
921 731 1215,anorreem4@php.net,770 Thierer Crossing,Evinayong,GQ,2006-03-23,2005-10-15
687 514 7796,sjarreltm5@ihg.com,242 Tennessee Way,Cerenti,ID,2008-11-17,
840 449 2932,ldinleym6@theatlantic.com,5 Elka Center,Yokosuka,JP,2004-12-29,2020-09-23
583 309 9245,zgillumm7@freewebs.com,10918 Algoma Junction,Dzialdowo,PL,2017-06-22,2015-09-25
389 624 6628,gwoolardm8@wiley.com,8 Mendota Plaza,Pajeksan,ID,2009-07-26,
987 506 1225,rducaenm9@google.com.hk,6 Riverside Drive,Corrego Grande,BR,2019-05-29,2009-12-20
269 564 0958,tcanetema@so-net.ne.jp,6329 Esch Crossing,Clones,IE,2009-12-20,2018-06-09
733 561 1637,rparnallmb@google.pl,6 Surrey Lane,Wensu,CN,2005-10-28,
106 570 4933,nbarbourmc@weibo.com,6921 Fisk Parkway,Hepingjie,CN,2006-07-24,2013-02-26
706 201 8656,nsterrickmd@symantec.com,49 Northwestern Terrace,Myki,GR,2019-04-09,
566 328 9303,kflugerme@hostgator.com,10 Loomis Avenue,Kopidlno,CZ,2009-06-26,
401 852 6615,lgreensetmf@google.nl,2 Carey Parkway,Obrera,MX,2014-12-05,2007-03-21
925 980 4346,tpatchettmg@intel.com,242 Raven Alley,Motegi,JP,2007-10-03,
279 221 4632,cwillmettsmh@ibm.com,14 Village Crossing,Puttalam,LK,2005-01-23,
276 942 8124,rsigmundmi@upenn.edu,935 Bowman Way,Jinta,CN,2022-10-02,2015-09-18
190 627 7890,eromaomj@joomla.org,44 Crownhardt Place,Mochudi,BW,2021-07-07,2008-10-15
620 745 2557,dbedboroughmk@php.net,729 Blaine Crossing,Jatimulyo,ID,2005-12-08,2022-04-10
451 643 0570,jbeamishml@businessinsider.com,35 Monica Way,Vargon,SE,2009-03-10,
159 505 0348,kspennockmm@dailymotion.com,18409 Ridgeview Alley,Paris La Defense,FR,2008-11-13,2010-03-16
677 857 0201,lruckmn@prweb.com,874 Charing Cross Place,Itsandra,KM,2007-02-08,2017-02-15
575 527 7789,cwalbymo@w3.org,5 Derek Pass,Bang Yai,TH,2023-04-19,2014-10-16
306 634 7565,kgiffmp@wikispaces.com,68181 Holmberg Junction,Lianan,CN,2005-11-20,2010-12-16
606 838 4936,cbolandmq@google.com,289 Lunder Court,Suqin Huimin,CN,2015-06-15,
523 606 3478,emattschasmr@java.com,0509 Dryden Court,omuta,JP,2005-04-22,2019-04-07
645 129 0337,tcopems@google.es,27460 Gerald Center,Manila,PH,2010-12-18,
280 684 2321,mwainscotmt@unblog.fr,63 Roxbury Lane,Yaozhuang,CN,2016-04-10,2005-12-20
864 514 0634,jminellimu@mozilla.org,33866 Mifflin Pass,Parana,AR,2021-03-18,
930 690 3392,ymclellandmv@nih.gov,79 Esker Crossing,Ruma,RS,2018-03-25,
515 248 3684,ccapstackmw@posterous.com,3 Basil Alley,Pizarro,CO,2007-01-16,
901 112 4279,rmerriottmx@cyberchimps.com,6364 Trailsway Junction,Memphis,US,2020-11-28,
732 767 0478,rbraxaymy@moonfruit.com,14 Spaight Avenue,Batugede Kulon,ID,2010-04-16,2008-04-03
992 632 6454,mhaddockmz@csmonitor.com,830 Wayridge Road,Las Mercedes,VE,2004-06-17,2006-06-02
282 629 0781,cstrangwoodn0@gmpg.org,58311 Iowa Court,Paris 05,FR,2018-02-20,
245 208 7724,lkruschevn1@flickr.com,779 Elmside Pass,Athens,GR,2021-02-11,
794 969 0841,jmatchettn2@gmpg.org,218 Sunnyside Pass,Malisevo,XK,2022-06-04,2015-06-10
219 794 2911,dlawlingsn3@behance.net,58886 Rusk Trail,Nouakchott,MR,2005-11-03,2020-08-07
248 335 4302,cjornn4@a8.net,3 Prentice Way,Thap Khlo,TH,2014-05-18,
773 600 6045,vmirrleesn5@google.it,2452 West Lane,Xinxikou,CN,2021-11-01,2022-05-21
456 558 4527,csalzenn6@slashdot.org,00355 Manufacturers Hill,Guariba,BR,2023-05-29,2019-08-29
476 673 7267,mmaccaign7@google.fr,0 Iowa Drive,Saint-Denis,FR,2007-08-17,2018-09-29
526 912 2965,arustann8@w3.org,935 Chinook Park,Ngeru,ID,2013-04-21,2008-05-04
827 565 6952,pburdelln9@umn.edu,86 Sunbrook Drive,Albert Town,JM,2006-02-19,2023-11-20
736 949 4497,jminillona@bloglines.com,4384 Valley Edge Parkway,Sharingol,MN,2018-09-27,
339 124 1416,mmacmeartynb@dailymail.co.uk,78825 Namekagon Lane,Awilega,ID,2008-05-15,2021-06-10
613 558 1751,esaldlernc@hexun.com,312 Upham Hill,Independencia,MX,2011-01-06,2019-06-22
881 481 8177,utoppingnd@sfgate.com,47 Michigan Plaza,Atar,MR,2008-02-15,2007-04-18
977 368 1427,dwetheredne@hibu.com,678 Barby Place,Hongshanyao,CN,2012-02-18,
790 227 1418,dkubelkanf@ebay.com,805 Colorado Circle,Bambas,PE,2013-03-02,2022-09-22
926 878 9556,chlavecekng@amazonaws.com,884 Huxley Park,Angkimang,ID,2022-04-19,2005-09-07
191 471 9582,wbebbnh@yale.edu,91 Clyde Gallagher Street,Nangong,CN,2013-07-29,
887 213 0880,itraslerni@cmu.edu,5 Charing Cross Park,Tanjungampalu,ID,2018-08-21,2017-06-04
142 813 7504,lboggersnj@icq.com,81643 Katie Pass,Yashao,CN,2015-09-08,2022-03-18
213 694 6292,mhollingdalenk@taobao.com,097 Coleman Drive,Uvarovo,RU,2020-10-02,2023-03-17
280 704 1761,rmainsonnl@nba.com,58 Randy Park,Siwa Oasis,EG,2015-02-28,2013-09-01
889 749 8311,cmccleodnm@slideshare.net,608 Troy Court,Minzheng,CN,2022-05-09,2004-09-05
785 164 2701,yreyenn@wired.com,4489 Oriole Trail,Vredendal,ZA,2004-10-06,
231 571 0076,cdoctorno@yandex.ru,442 Toban Terrace,Qiqing,CN,2017-02-20,
144 434 5720,dmurrhauptnp@so-net.ne.jp,55 Bobwhite Court,Dayuan,CN,2013-06-13,
865 182 2105,lbletsornq@harvard.edu,762 Shoshone Point,Tiechanggou,CN,2018-06-02,2008-09-18
161 516 7015,abonifacenr@upenn.edu,4714 Portage Center,Sirnasari,ID,2015-06-09,
269 648 1068,rlippinins@canalblog.com,758 Pierstorff Park,Fenggang,CN,2014-08-13,2015-04-06
794 734 2398,sbookernt@cargocollective.com,0243 Forest Dale Court,Palla,ID,2014-08-10,2016-05-01
289 515 3304,mhandrocknu@symantec.com,923 Shoshone Place,Kranj,SI,2004-01-17,2008-11-05
857 696 9931,bwortsnv@nature.com,5746 Mesta Terrace,Sano,PE,2010-07-16,
867 957 7184,bcasassanw@ameblo.jp,364 Prairie Rose Plaza,Kondangrege,ID,2022-05-09,2007-08-12
101 215 2931,bjewersnx@google.com,7 West Way,Manisi,CN,2023-05-10,
677 210 0929,sdymidowskiny@who.int,19320 Lighthouse Bay Circle,Pedra Branca,BR,2011-05-28,
853 264 4378,ageocklenz@cyberchimps.com,968 Green Circle,Miasteczko Slaskie,PL,2005-03-20,
111 614 7184,akamingo0@printfriendly.com,6719 Tennyson Park,Gaoqiao,CN,2014-04-13,2013-04-10
772 390 8973,adanhero1@cbsnews.com,72092 David Crossing,Slavkov u Brna,CZ,2019-09-10,2019-05-02
519 879 8394,cburlingameo2@usnews.com,28760 Trailsway Lane,Shangyu,CN,2016-02-24,
900 475 4332,btomaneko3@youtu.be,04 David Pass,Sindangsari,ID,2014-04-10,
187 881 1264,kheighto4@tripadvisor.com,4 Lillian Drive,Nong Muang,TH,2012-05-31,2022-08-28
812 282 3552,ulaundero5@amazonaws.com,581 6th Center,Genyem,ID,2013-12-10,2010-10-03
286 699 3809,dclendenneno6@imageshack.us,414 Bunting Hill,Shumikha,RU,2005-04-03,
251 921 7057,jmacinneso7@google.it,2 Boyd Plaza,Mobile,US,2006-07-21,
608 504 7871,eaxelbeeo8@vkontakte.ru,19 Ludington Hill,Chisht-e Sharif,AF,2005-02-09,2021-03-25
255 966 2509,ascamblero9@devhub.com,6 Fulton Lane,Huzhen,CN,2007-11-12,2005-03-21
942 887 1384,bpottesoa@feedburner.com,2 Summit Way,Vinhedo,BR,2023-02-16,2008-02-12
134 585 2745,doveralob@edublogs.org,6 Old Gate Circle,Bilajer,AZ,2021-09-17,2023-10-08
564 896 5359,mteeseoc@eepurl.com,278 Westerfield Street,Khantaghy,KZ,2010-11-30,2022-05-20
933 847 7942,bcarolanod@shop-pro.jp,7 Sundown Lane,A Yun Pa,VN,2007-07-13,
265 707 7033,sbedburrowoe@cocolog-nifty.com,98713 Hermina Road,Quthing,LS,2004-05-15,2023-09-06
318 738 2447,gdomonkosof@pbs.org,341 Tony Terrace,Taihe,CN,2019-10-27,
632 181 0035,nedmonstonog@facebook.com,98557 Holy Cross Park,Ekibastuz,KZ,2018-07-11,
524 706 3133,rjarryoh@scientificamerican.com,16 Park Meadow Court,Amadora,PT,2008-05-05,
556 331 1791,kmcclounanoi@timesonline.co.uk,4198 Logan Park,Campok,ID,2010-08-25,
646 991 0897,wscrippsoj@goo.ne.jp,776 Shopko Alley,New York City,US,2015-03-14,
680 729 0291,ewederellok@economist.com,48350 Gale Circle,Xijiang,CN,2004-07-06,
668 750 2952,arissenol@flavors.me,1186 Rieder Center,Hongos,PE,2017-04-14,
580 952 7372,bfarnom@baidu.com,03167 Melvin Alley,Sao Silvestre,PT,2019-06-19,2008-11-24
336 885 0177,bbabinskion@google.ca,86 Pepper Wood Circle,Hushan,CN,2024-01-16,
191 545 8840,oscandredoo@dyndns.org,7050 Swallow Hill,Sao Jeronimo,BR,2015-01-27,
455 817 9234,jflawithop@jigsy.com,028 Barby Court,Estaca,PH,2006-08-19,2019-09-23
452 854 9847,mforceroq@answers.com,50772 Ohio Street,Hamberang Sabrang,ID,2023-09-03,2005-08-05
154 933 0161,rmccaheyor@wordpress.org,81 Mcguire Pass,Wanggeertang,CN,2023-10-19,2021-07-27
499 143 6828,rnaisbetos@mac.com,86505 Holmberg Pass,Imgarr,MT,2017-08-14,2013-02-09
286 333 9647,mrostenot@twitpic.com,8505 Sunnyside Parkway,Caofang,CN,2022-12-20,2017-06-28
447 876 9493,tcrosslandou@barnesandnoble.com,2 North Circle,Quintas,PT,2007-03-19,2022-10-03
210 950 9888,hpreddyov@com.com,4655 Prairieview Hill,San Antonio,US,2019-09-21,
227 694 9402,wcullonow@hubpages.com,5485 Dakota Terrace,Sanguinheira,PT,2007-10-13,
359 395 4615,felstobox@hao123.com,9500 Artisan Court,Sergelen,MN,2008-07-23,
359 122 1590,pcurstonoy@usatoday.com,9 Fairfield Drive,Anibare,NR,2013-06-01,2004-07-04
918 494 6486,cantenoz@flickr.com,7487 School Street,Xingtai,CN,2022-09-17,
187 805 3685,cmickleboroughp0@surveymonkey.com,3171 Dottie Street,Itum-Kali,RU,2006-11-07,2021-06-15
652 180 2307,hsloatp1@t-online.de,4614 Dottie Plaza,Ivot,RU,2013-01-05,2012-12-07
252 920 9993,krankenp2@example.com,700 Mariners Cove Parkway,Mancha Khiri,TH,2023-04-11,2016-12-19
195 324 6818,pscrogginsp3@sina.com.cn,640 Miller Crossing,Beijos,PT,2004-05-17,2014-03-31
143 244 3518,bpietruszewiczp4@seesaa.net,22 Sachs Road,Fengpo,CN,2015-08-10,2014-05-09
559 537 6719,mnovacekp5@techcrunch.com,2947 Oxford Lane,Rancaerang,ID,2016-01-21,
979 969 4609,unekrewsp6@senate.gov,421 Kedzie Parkway,Cheb,CZ,2020-11-20,2007-04-26
247 782 7577,bforsonp7@mit.edu,52812 Express Lane,Saint Croix,VI,2019-03-06,2021-02-12
975 702 1968,ipinchbeckp8@cdc.gov,13 Twin Pines Crossing,Xiaruyue,CN,2013-06-23,2012-03-16
492 456 9808,gchominskip9@odnoklassniki.ru,5823 Golf Course Trail,Catungawan Sur,PH,2004-11-21,2012-08-01
888 743 9721,pmurbypa@behance.net,4 Pierstorff Drive,Cau Giay,VN,2010-08-15,
243 299 6036,mprivostpb@mysql.com,5187 8th Circle,Ocho Rios,JM,2017-03-15,2009-05-22
426 736 9049,vmolyneauxpc@va.gov,9 Acker Drive,Drochia,MD,2021-06-26,2006-06-30
453 362 1228,moduanepd@quantcast.com,11944 Barby Drive,Wangjiahe,CN,2008-12-21,2020-04-01
439 808 5331,epeakmanpe@artisteer.com,687 Farragut Crossing,Santo Tome,AR,2010-02-23,
428 979 4500,esictornespf@booking.com,19434 Corry Way,Al Qaryatayn,SY,2013-11-17,
790 955 4742,dpreepg@scribd.com,234 School Drive,Safara,PT,2021-06-01,2011-10-31
560 828 4075,lorrissph@hibu.com,5 Orin Pass,Polomia,PL,2009-01-11,2022-10-26
208 871 6965,rroydenpi@aol.com,788 1st Circle,Youchou,CN,2020-02-01,2024-01-23
963 316 9178,clangfordpj@hp.com,220 Stephen Court,Tarariras,UY,2011-03-01,2014-03-01
565 415 7788,iorampk@twitter.com,1052 Hoffman Point,Wangba,CN,2007-09-25,2020-01-17
812 265 0750,jgantzpl@imageshack.us,18167 Dorton Terrace,Jocotan,GT,2015-07-14,2011-09-03
982 624 0738,bhardwickepm@zimbio.com,3 Crescent Oaks Way,Buarcos,PT,2024-01-21,2021-09-19
161 702 8759,mknottepn@studiopress.com,12059 Kipling Junction,Ramon Castilla,PE,2011-04-03,2011-12-08
449 488 5639,mesherwoodpo@vinaora.com,879 Calypso Drive,Daming,CN,2021-09-24,
886 587 4052,fyukhnevichpp@redcross.org,7 Parkside Crossing,Mudiyah,YE,2023-03-31,2023-03-04
694 957 0113,cgirardotpq@simplemachines.org,92 Elka Park,Gbadolite,CD,2016-11-13,
563 597 3932,mtruelockpr@issuu.com,838 South Court,Quiches,PE,2005-10-03,2006-07-15
863 518 9755,medmettps@taobao.com,70069 Macpherson Street,Piedrancha,CO,2008-07-06,
607 102 7759,hhawtrypt@google.nl,27 Heath Court,ShAhzAdpur,BD,2008-04-12,2005-01-01
560 678 2978,owybournepu@diigo.com,9 Melrose Hill,Enriquillo,DO,2006-06-01,
454 623 6717,rrennoxpv@mediafire.com,77 Red Cloud Place,Cuihuangkou,CN,2014-06-22,2008-06-07
793 458 9120,bwarbyspw@sphinn.com,96279 Corry Park,Qingshanhu,CN,2018-03-06,2010-01-16
660 195 1000,kbaldwinpx@facebook.com,44750 Cordelia Court,Rambouillet,FR,2021-01-16,
909 765 6801,hmcdoolpy@ustream.tv,521 Portage Alley,Miaoxi,CN,2022-02-07,
602 944 3024,istoneypz@yandex.ru,7361 Moose Drive,Pulilan,PH,2013-04-28,2021-11-04
642 429 6360,kspohrq0@shutterfly.com,5 Hoffman Plaza,Dowsk,BY,2011-09-07,2012-10-07
941 732 8009,opalombiq1@cpanel.net,512 Aberg Drive,Doctor Juan Leon Mallorquin,PY,2022-07-07,2018-07-07
661 219 9958,xdegliantoniq2@wufoo.com,1 Fremont Center,Lancaster,US,2015-07-16,2023-12-02
361 695 4037,hmatveichevq3@elegantthemes.com,09 Golf Crossing,Santo Tomas,PH,2014-09-01,2015-03-06
776 460 4997,nmacguinessq4@dailymail.co.uk,9923 Emmet Avenue,Baohe,CN,2015-10-07,2005-01-04
552 947 7629,cmckibbinq5@google.de,5 Judy Crossing,Jitan,CN,2022-05-23,2022-04-09
799 783 8295,lstateq6@livejournal.com,22317 Bultman Avenue,Litan,CN,2020-08-30,2013-03-26
337 498 0600,gblanshardq7@answers.com,09 Nancy Drive,Szynwald,PL,2012-07-24,2004-03-29
679 702 9190,cgillionsq8@cam.ac.uk,45 Leroy Place,Belisce,HR,2015-05-03,2008-11-23
770 688 4768,eevertonq9@cdc.gov,369 Longview Road,Slawa,PL,2005-12-28,
526 482 3422,llesserqa@aboutads.info,2858 Fisk Crossing,Haoraoshan,CN,2008-11-14,2022-10-07
781 202 5316,challinqb@behance.net,74 Bunting Circle,Moutnice,CZ,2023-08-25,2004-07-13
555 288 7741,cebbettqc@fc2.com,12 Rockefeller Street,Shunga,RU,2021-02-18,2021-08-17
354 253 4579,ryoqd@vimeo.com,78089 Scoville Plaza,Nowshahr,IR,2010-07-01,
659 807 7596,nhasemanqe@irs.gov,85858 Thompson Street,Tono,JP,2020-07-18,
572 409 7933,awhatlingqf@miitbeian.gov.cn,608 Lien Street,Molodizhne,UA,2013-07-27,2010-02-15
734 271 3590,mmatuszewskiqg@craigslist.org,86 Raven Avenue,Gasan,PH,2005-04-02,2017-05-05
221 897 2156,emardollqh@nydailynews.com,08580 Vernon Parkway,Napier,NZ,2021-06-24,2008-11-30
697 154 4498,gbellinoqi@naver.com,7 Crowley Plaza,Shihudang,CN,2011-09-02,
171 162 6974,meardleyqj@shinystat.com,60880 Stuart Plaza,Loanda,BR,2021-02-02,2016-10-17
222 631 5510,atrittonqk@salon.com,51 Summerview Place,Kanie,JP,2015-05-14,
710 603 5908,jsheatherql@bbb.org,32918 Browning Drive,Glogow Malopolski,PL,2020-10-03,
229 231 3730,cseageqm@w3.org,8151 Duke Alley,Zhourui,CN,2005-02-21,
388 278 6743,mpellattqn@rediff.com,622 Eastlawn Junction,Tinaco,VE,2014-05-16,2008-06-28
482 169 9071,ilanglandqo@npr.org,30 Susan Center,Cabrobo,BR,2017-12-05,2010-04-18
190 543 4388,cmummqp@cyberchimps.com,7903 Sachtjen Lane,Pelabuhanratu,ID,2023-11-27,2023-11-25
230 238 6689,ewhittleseaqq@gnu.org,69 Banding Parkway,Isabela,PH,2013-01-09,2015-07-03
678 567 3565,uchallenderqr@whitehouse.gov,9 Russell Point,Chaltyr,RU,2012-01-23,2017-10-09
839 402 8657,fsimicqs@huffingtonpost.com,821 Bellgrove Crossing,Kakata,LR,2011-02-15,2016-08-24
445 418 9964,hleechqt@thetimes.co.uk,76872 Loomis Avenue,Atiquizaya,SV,2015-01-13,2006-04-29
518 675 7767,bcolmerqu@nymag.com,3 Prairieview Park,Jiukeng,CN,2005-03-28,
320 746 4482,cvashchenkoqv@china.com.cn,1002 Lukken Plaza,Balboa,CO,2021-04-20,
127 233 1006,ahexterqw@umn.edu,7 7th Point,Pasirnangka,ID,2017-02-26,
977 560 7867,hdebernardisqx@guardian.co.uk,284 School Center,Gorobinci,MK,2011-09-28,2004-04-15
566 331 7614,abreadmoreqy@abc.net.au,8 High Crossing Place,Pasto,CO,2013-01-05,
720 304 3924,cstreetsqz@hud.gov,8 Beilfuss Hill,Hverageroi,IS,2011-11-19,2012-12-25
675 297 2010,lmasserr0@biglobe.ne.jp,24 Melby Terrace,Paragominas,BR,2021-02-06,
967 904 8057,jsearchr1@goo.gl,162 High Crossing Avenue,West Island,CC,2016-05-19,2006-03-23
296 552 8346,adavyr2@reverbnation.com,1049 Bunker Hill Hill,Al WardAnin,TN,2010-01-01,2014-12-12
608 489 1311,borknayr3@usnews.com,36 High Crossing Place,Vareia,GR,2007-07-13,
198 566 7162,lbennittr4@omniture.com,0323 Starling Road,Dortmund,DE,2023-03-06,2014-12-15
887 149 2676,htradewellr5@wikimedia.org,86 Debra Drive,Polaniec,PL,2009-06-06,
582 847 6973,aleemanr6@cornell.edu,4331 Charing Cross Junction,Manadas,PT,2011-02-09,2013-11-09
314 408 3050,mmartschikr7@dot.gov,3 Fordem Park,Pueblo Nuevo,PE,2010-04-30,
647 447 2048,cketchenr8@prlog.org,121 Superior Street,Saki,NG,2017-11-21,
467 907 0421,frosenblattr9@instagram.com,22698 Monument Way,Ulbroka,LV,2022-10-21,2005-02-19
446 586 0186,clehuquetra@squidoo.com,845 Loeprich Parkway,Jambesari,ID,2011-03-13,2018-12-24
912 230 9591,dmulberryrb@answers.com,22220 Maple Center,Yedogon,RU,2015-10-07,2005-11-24
355 939 0301,smolderrc@smh.com.au,2 Village Green Trail,Belyy Gorodok,RU,2004-10-12,
346 919 2865,akeelerrd@dedecms.com,9 Lake View Place,Nowe Grocholice,PL,2020-07-16,
996 608 9278,lattrydere@youtube.com,3 Meadow Vale Pass,Libeznice,CZ,2007-07-01,
859 508 5208,mbrookwellrf@photobucket.com,5 Knutson Road,Yekimovichi,RU,2017-04-19,
204 718 2710,kmurrellrg@digg.com,76 Lakewood Gardens Avenue,Taihe,CN,2018-06-10,2016-11-03
724 458 5499,dnewportrh@apple.com,30 Birchwood Drive,Chiquinquira,CO,2004-01-30,
508 818 1150,bwillbourneri@elegantthemes.com,00 Hermina Street,Pindare Mirim,BR,2019-08-08,2015-01-20
343 332 6673,mmaierrj@i2i.jp,3 Fordem Point,Sofia,BG,2011-11-19,
966 390 9969,sparrotrk@zimbio.com,5 5th Pass,Kalaxilike,CN,2014-12-03,2004-10-15
283 503 9966,lyeudallrl@rambler.ru,80261 Vahlen Parkway,Tuwa,ID,2013-03-25,2008-06-06
993 871 3368,dhinkenrm@examiner.com,41171 Delaware Junction,Doom,ID,2016-04-21,2009-12-21
419 393 7517,aswaytonrn@apple.com,3 Rusk Junction,Gendiwu,ID,2005-12-06,2013-03-08
307 379 8504,tselmanro@phoca.cz,528 Northland Trail,Cumedak,ID,2004-09-20,2007-04-29
679 579 2811,ntowheyrp@china.com.cn,2608 Doe Crossing Terrace,Ishimbay,RU,2023-09-27,
128 346 1411,lmcgeacheyrq@artisteer.com,341 Petterle Avenue,Venado Tuerto,AR,2019-10-31,2014-08-02
815 164 5732,rgreserrr@google.co.jp,66 Harper Point,Mantes-la-Jolie,FR,2010-12-02,